會員編號,性別,年齡,加入月數,來店次數,平均消費,距上次來店天數,會員等級,電子報,住家距離,最愛類別,回購
M0001,男,26,9,0,122,90,一般,0,2.0,咖啡,0
M0002,女,67,6,10,150,4,銀卡,0,2.0,烘焙,1
M0003,女,49,28,4,158,3,一般,0,1.9,咖啡,0
M0004,女,46,1,7,132,33,一般,1,3.0,咖啡,0
M0005,男,50,17,8,218,27,銀卡,1,1.1,咖啡,1
M0006,男,61,6,10,138,2,銀卡,1,1.8,烘焙,1
M0007,男,44,17,3,306,48,一般,0,1.3,咖啡,0
M0008,女,56,9,6,224,3,銀卡,1,2.0,茶飲,1
M0009,女,60,33,4,77,47,一般,1,6.2,茶飲,0
M0010,女,48,28,3,121,68,一般,0,6.0,咖啡,0
M0011,女,46,7,8,156,37,銀卡,1,2.2,咖啡,0
M0012,男,72,17,16,158,11,銀卡,1,3.6,咖啡,1
M0013,女,46,33,9,133,4,銀卡,1,5.4,咖啡,1
M0014,女,39,5,5,154,19,一般,1,1.7,茶飲,1
M0015,男,53,20,1,88,90,一般,1,2.8,茶飲,0
M0016,女,59,33,11,103,0,銀卡,0,3.1,咖啡,0
M0017,男,37,18,4,390,21,一般,1,0.9,咖啡,1
M0018,男,43,11,19,238,18,銀卡,1,2.2,咖啡,0
M0019,女,38,1,20,167,7,一般,0,3.7,烘焙,0
M0020,男,51,25,5,149,37,銀卡,0,0.7,咖啡,0
M0021,女,67,23,6,193,12,銀卡,1,2.1,茶飲,0
M0022,男,49,15,2,146,34,一般,0,3.3,茶飲,0
M0023,男,50,17,9,183,34,銀卡,1,2.8,咖啡,0
M0024,女,72,5,9,115,31,一般,0,9.8,咖啡,0
M0025,男,63,7,13,160,17,銀卡,0,3.6,茶飲,0
M0026,男,44,24,7,112,0,銀卡,0,2.8,烘焙,0
M0027,女,49,21,12,222,5,金卡,0,4.2,咖啡,1
M0028,女,38,1,7,170,2,一般,1,1.7,茶飲,1
M0029,女,53,5,15,171,5,一般,1,2.7,茶飲,0
M0030,女,72,13,3,160,0,一般,1,2.1,茶飲,1
M0031,女,47,17,6,128,16,銀卡,1,3.2,烘焙,1
M0032,男,58,5,6,186,5,一般,1,2.4,咖啡,0
M0033,女,58,2,2,119,4,一般,0,5.0,烘焙,0
M0034,男,56,9,7,157,17,銀卡,0,1.8,咖啡,0
M0035,男,72,19,2,112,36,一般,1,1.8,烘焙,0
M0036,女,65,16,17,179,3,銀卡,0,8.4,咖啡,1
M0037,女,62,6,11,240,39,銀卡,1,4.3,咖啡,1
M0038,女,72,3,20,160,7,一般,0,3.9,烘焙,1
M0039,女,44,14,6,112,42,銀卡,1,4.2,烘焙,0
M0040,男,67,14,1,189,17,一般,0,2.3,烘焙,0
M0041,女,72,5,6,285,25,一般,0,4.1,茶飲,0
M0042,男,64,32,9,152,14,銀卡,0,3.8,烘焙,0
M0043,女,34,26,6,202,33,銀卡,1,4.2,咖啡,1
M0044,女,56,25,15,146,9,金卡,1,3.3,咖啡,1
M0045,男,49,27,13,140,25,金卡,1,2.7,咖啡,1
M0046,男,72,15,6,131,17,銀卡,1,7.5,茶飲,1
M0047,男,65,36,2,209,43,一般,1,5.6,烘焙,0
M0048,女,62,16,10,162,12,銀卡,1,4.0,茶飲,1
M0049,男,55,11,14,164,7,銀卡,1,1.1,茶飲,1
M0050,男,64,34,3,211,28,一般,1,1.6,咖啡,1
M0051,女,31,10,7,124,7,銀卡,1,0.6,茶飲,1
M0052,男,58,9,6,145,24,銀卡,1,4.9,咖啡,0
M0053,女,38,33,12,180,0,金卡,1,1.8,咖啡,1
M0054,女,42,24,11,109,2,銀卡,1,1.8,咖啡,0
M0055,女,67,21,22,114,3,金卡,1,1.3,烘焙,1
M0056,女,58,24,8,143,22,銀卡,1,3.0,咖啡,1
M0057,女,69,4,14,201,0,一般,1,2.9,咖啡,1
M0058,男,54,21,4,222,23,一般,1,4.5,咖啡,1
M0059,男,54,36,37,172,0,金卡,0,1.9,咖啡,1
M0060,女,43,35,6,136,53,銀卡,0,5.2,茶飲,0
M0061,女,42,8,8,193,13,銀卡,1,1.8,咖啡,1
M0062,男,69,32,33,223,0,金卡,1,1.2,咖啡,1
M0063,男,52,3,19,154,4,一般,1,7.2,烘焙,1
M0064,男,72,28,11,210,2,銀卡,0,7.8,茶飲,0
M0065,女,48,27,5,183,13,銀卡,1,8.4,咖啡,1
M0066,男,54,23,4,286,16,一般,1,2.6,烘焙,1
M0067,男,55,29,8,117,19,銀卡,0,1.9,咖啡,0
M0068,男,41,25,3,156,5,一般,1,0.6,茶飲,1
M0069,男,67,1,4,180,20,一般,1,4.7,咖啡,1
M0070,女,48,5,10,135,38,一般,1,0.9,咖啡,0
M0071,男,59,30,6,65,6,銀卡,1,5.1,烘焙,1
M0072,女,48,22,7,152,0,銀卡,1,3.4,咖啡,0
M0073,女,48,28,7,120,11,銀卡,1,1.5,咖啡,1
M0074,女,49,36,4,324,15,一般,1,2.8,咖啡,1
M0075,女,40,17,15,105,2,銀卡,1,4.4,烘焙,1
M0076,男,51,6,24,119,4,銀卡,1,3.2,咖啡,1
M0077,女,52,19,7,339,86,銀卡,1,0.9,咖啡,0
M0078,男,45,33,5,161,25,銀卡,0,3.8,咖啡,1
M0079,男,54,5,8,120,9,一般,0,5.4,咖啡,0
M0080,女,53,12,3,95,18,一般,1,3.2,烘焙,0
M0081,男,38,19,21,178,1,金卡,1,8.0,咖啡,1
M0082,女,62,7,5,90,2,銀卡,1,2.8,烘焙,1
M0083,女,72,23,2,202,43,一般,0,1.7,茶飲,0
M0084,男,32,24,4,133,27,一般,1,8.6,咖啡,0
M0085,女,42,31,6,175,3,銀卡,1,4.1,咖啡,1
M0086,男,72,35,1,240,86,一般,0,1.6,茶飲,0
M0087,女,50,10,6,130,21,銀卡,1,3.5,咖啡,0
M0088,女,49,23,10,231,16,銀卡,1,4.5,茶飲,1
M0089,女,47,22,2,141,54,一般,0,2.5,烘焙,0
M0090,女,72,18,23,179,9,金卡,1,4.3,烘焙,1
M0091,男,56,31,3,92,20,一般,1,6.1,烘焙,0
M0092,女,49,18,3,141,23,一般,0,2.0,烘焙,0
M0093,女,42,1,10,212,6,一般,0,0.5,咖啡,1
M0094,女,49,2,3,135,9,一般,0,2.5,咖啡,0
M0095,女,47,3,13,165,3,一般,0,3.9,茶飲,0
M0096,女,52,32,7,120,90,銀卡,0,7.2,茶飲,0
M0097,男,72,5,5,193,15,一般,0,3.0,咖啡,1
M0098,男,47,35,13,103,0,金卡,1,6.7,茶飲,0
M0099,女,59,24,15,167,0,金卡,1,2.5,咖啡,1
M0100,男,62,26,9,124,0,銀卡,0,3.2,茶飲,0
M0101,男,71,6,3,195,38,一般,0,1.8,咖啡,0
M0102,男,72,4,5,118,15,一般,0,2.1,烘焙,0
M0103,男,40,33,6,212,0,銀卡,1,5.0,茶飲,1
M0104,男,45,4,3,165,6,一般,0,2.3,烘焙,0
M0105,女,49,36,7,148,0,銀卡,0,3.4,烘焙,1
M0106,女,65,33,3,222,2,一般,1,0.8,茶飲,0
M0107,女,72,26,13,154,6,金卡,0,4.7,咖啡,1
M0108,男,69,4,4,215,12,一般,1,1.8,咖啡,0
M0109,女,69,5,5,125,2,一般,1,5.0,咖啡,1
M0110,女,53,9,23,78,4,銀卡,0,4.5,咖啡,1
M0111,男,56,8,2,166,90,一般,0,1.2,茶飲,0
M0112,男,65,12,5,270,0,銀卡,0,12.1,烘焙,0
M0113,女,53,21,10,153,6,銀卡,1,1.5,茶飲,1
M0114,女,72,13,8,130,16,銀卡,0,2.3,茶飲,0
M0115,女,49,1,2,235,34,一般,0,3.0,烘焙,0
M0116,男,63,13,6,158,61,銀卡,0,3.4,咖啡,0
M0117,女,59,28,6,142,46,銀卡,1,1.5,咖啡,0
M0118,女,45,11,7,92,8,銀卡,0,0.9,咖啡,0
M0119,男,48,29,6,232,46,銀卡,1,4.6,咖啡,0
M0120,女,54,3,3,86,7,一般,1,1.4,咖啡,0
M0121,男,72,22,14,205,4,金卡,0,1.0,咖啡,0
M0122,女,41,5,17,138,1,一般,0,3.4,咖啡,1
M0123,男,72,25,1,180,30,一般,1,1.6,茶飲,1
M0124,女,72,20,3,169,11,一般,1,0.8,烘焙,1
M0125,男,53,19,7,162,7,銀卡,0,1.9,咖啡,1
M0126,男,39,29,25,124,7,金卡,0,3.2,咖啡,1
M0127,女,51,27,6,267,10,銀卡,0,1.9,咖啡,0
M0128,女,55,7,17,145,0,銀卡,0,4.8,茶飲,1
M0129,男,61,20,5,168,12,銀卡,1,4.0,烘焙,0
M0130,女,54,27,14,108,4,金卡,0,2.1,茶飲,1
M0131,女,67,28,8,102,14,銀卡,0,8.8,茶飲,0
M0132,女,50,22,3,131,80,一般,1,8.1,咖啡,0
M0133,男,53,24,6,113,31,銀卡,0,2.2,咖啡,0
M0134,女,39,18,4,168,53,一般,1,2.9,咖啡,0
M0135,男,53,5,16,254,3,一般,0,3.3,茶飲,0
M0136,女,54,12,6,133,39,銀卡,1,1.8,咖啡,0
M0137,女,50,5,14,209,13,一般,0,1.1,咖啡,1
M0138,女,57,15,16,81,15,銀卡,0,2.5,茶飲,0
M0139,女,66,28,8,144,0,銀卡,0,1.8,咖啡,1
M0140,女,50,26,3,139,47,一般,1,2.1,咖啡,0
M0141,男,45,34,10,217,0,銀卡,0,6.6,咖啡,0
M0142,女,39,11,7,229,32,銀卡,1,3.7,烘焙,0
M0143,女,72,15,2,168,71,一般,1,0.7,咖啡,0
M0144,女,72,15,7,150,16,銀卡,1,1.6,茶飲,1
M0145,男,59,23,21,169,6,金卡,1,3.2,咖啡,1
M0146,男,61,29,18,64,11,金卡,1,2.4,茶飲,1
M0147,男,59,24,7,212,6,銀卡,1,1.3,咖啡,1
M0148,女,62,26,3,182,4,一般,0,10.2,咖啡,0
M0149,女,59,12,2,146,45,一般,1,7.3,茶飲,0
M0150,女,55,4,8,115,10,一般,1,1.5,咖啡,0
M0151,男,53,19,17,190,0,金卡,1,1.5,茶飲,1
M0152,男,47,6,10,244,0,銀卡,1,2.1,茶飲,1
M0153,男,72,14,3,103,13,一般,1,1.2,烘焙,0
M0154,女,56,26,5,168,33,銀卡,0,2.4,咖啡,0
M0155,女,59,28,18,180,3,金卡,1,6.1,茶飲,1
M0156,男,45,33,31,231,13,金卡,0,1.7,烘焙,1
M0157,男,45,17,10,89,11,銀卡,0,8.8,茶飲,0
M0158,男,61,5,13,161,24,一般,0,1.8,茶飲,1
M0159,男,59,20,1,145,90,一般,1,4.5,茶飲,0
M0160,女,66,26,3,163,32,一般,0,19.5,咖啡,0
M0161,男,52,31,1,249,38,一般,1,2.1,烘焙,0
M0162,男,51,17,5,164,42,銀卡,1,3.3,咖啡,0
M0163,女,64,8,0,138,57,一般,1,3.5,咖啡,0
M0164,女,46,14,3,160,65,一般,1,7.8,咖啡,0
M0165,女,55,30,8,138,13,銀卡,1,2.8,咖啡,1
M0166,女,57,6,9,135,7,銀卡,0,2.2,咖啡,0
M0167,女,51,20,12,149,3,金卡,1,2.5,咖啡,0
M0168,女,60,14,9,122,13,銀卡,1,3.0,咖啡,0
M0169,女,54,11,8,169,20,銀卡,0,10.2,咖啡,0
M0170,女,72,31,10,236,11,銀卡,0,5.2,茶飲,1
M0171,男,52,21,3,165,26,一般,0,1.9,茶飲,0
M0172,女,56,13,15,158,14,銀卡,0,6.8,咖啡,0
M0173,男,47,14,18,196,8,銀卡,1,3.3,咖啡,1
M0174,女,53,25,17,122,2,金卡,0,4.6,咖啡,1
M0175,男,58,8,9,142,10,銀卡,1,3.3,烘焙,1
M0176,女,61,34,6,283,8,銀卡,0,1.9,咖啡,1
M0177,女,67,25,7,100,0,銀卡,1,4.8,茶飲,1
M0178,女,65,13,9,90,0,銀卡,0,1.3,咖啡,1
M0179,女,54,35,15,130,10,金卡,0,1.6,烘焙,1
M0180,男,53,4,3,154,22,一般,0,3.1,茶飲,1
M0181,男,40,1,6,117,23,一般,0,1.8,咖啡,1
M0182,男,57,16,10,162,5,銀卡,1,12.1,茶飲,0
M0183,女,62,34,3,119,23,一般,0,1.4,烘焙,0
M0184,男,55,8,9,209,1,銀卡,0,6.7,咖啡,1
M0185,女,53,18,5,159,7,銀卡,0,3.0,茶飲,0
M0186,男,72,31,4,148,9,一般,1,3.3,咖啡,0
M0187,女,53,19,3,102,90,一般,1,0.7,咖啡,0
M0188,女,69,15,5,135,44,銀卡,1,3.4,咖啡,0
M0189,女,60,8,6,104,6,銀卡,0,3.9,茶飲,1
M0190,女,51,5,8,169,1,一般,1,2.5,烘焙,0
M0191,女,54,16,7,160,5,銀卡,0,4.3,茶飲,1
M0192,女,61,4,5,117,13,一般,1,2.1,咖啡,0
M0193,男,59,4,2,245,77,一般,1,3.3,茶飲,0
M0194,女,63,2,24,82,19,一般,1,4.5,烘焙,1
M0195,男,55,23,15,143,4,金卡,0,2.1,茶飲,1
M0196,男,42,1,8,195,2,一般,0,6.1,烘焙,0
M0197,男,38,11,7,167,8,銀卡,1,1.1,咖啡,1
M0198,女,49,22,17,165,17,金卡,1,3.8,烘焙,1
M0199,男,52,4,6,149,23,一般,1,1.9,烘焙,1
M0200,男,37,16,11,293,7,銀卡,1,3.0,烘焙,1
M0201,女,52,1,1,177,43,一般,0,2.5,烘焙,0
M0202,女,66,25,5,140,6,銀卡,0,1.5,咖啡,0
M0203,女,63,5,14,139,19,一般,1,1.3,烘焙,0
M0204,男,45,7,11,80,4,銀卡,0,3.1,咖啡,1
M0205,女,54,13,7,188,19,銀卡,1,2.0,咖啡,0
M0206,男,43,16,12,113,9,銀卡,0,2.1,茶飲,1
M0207,女,47,32,13,222,26,金卡,1,3.0,茶飲,1
M0208,女,55,20,4,121,43,一般,0,3.1,咖啡,0
M0209,女,37,28,11,96,5,銀卡,1,3.3,咖啡,0
M0210,女,66,10,5,130,66,銀卡,0,1.5,茶飲,0
M0211,女,56,9,2,181,19,一般,0,1.2,咖啡,1
M0212,女,72,21,4,160,55,一般,1,1.4,咖啡,0
M0213,女,45,15,9,214,6,銀卡,1,1.7,茶飲,1
M0214,女,53,17,6,154,24,銀卡,0,2.4,咖啡,0
M0215,男,53,17,7,227,8,銀卡,1,3.3,咖啡,1
M0216,女,65,24,6,132,17,銀卡,0,4.1,茶飲,0
M0217,女,55,28,5,142,81,銀卡,1,3.4,咖啡,0
M0218,男,56,11,19,179,4,銀卡,0,2.8,烘焙,0
M0219,女,37,32,10,136,30,銀卡,0,4.1,咖啡,1
M0220,女,72,31,18,223,5,金卡,1,9.2,烘焙,1
M0221,女,50,30,18,156,0,金卡,0,6.0,茶飲,1
M0222,男,54,29,9,183,27,銀卡,0,2.5,咖啡,0
M0223,男,46,1,28,182,13,一般,0,3.9,烘焙,1
M0224,男,58,22,3,143,13,一般,0,5.9,茶飲,0
M0225,男,72,28,3,231,5,一般,0,3.1,咖啡,0
M0226,男,70,21,4,177,1,一般,0,2.1,烘焙,1
M0227,女,56,1,10,182,13,一般,0,2.4,茶飲,0
M0228,男,72,4,12,95,8,一般,0,1.0,茶飲,1
M0229,男,55,5,20,199,2,一般,1,0.8,咖啡,1
M0230,男,60,31,5,112,40,銀卡,0,3.6,咖啡,0
M0231,女,53,32,9,200,58,銀卡,1,5.1,茶飲,0
M0232,女,44,34,17,116,2,金卡,0,2.7,茶飲,1
M0233,女,68,6,5,213,42,銀卡,0,1.2,烘焙,0
M0234,女,44,9,2,173,11,一般,0,3.1,茶飲,0
M0235,女,53,2,6,152,16,一般,1,1.2,咖啡,1
M0236,男,59,26,6,164,1,銀卡,1,2.2,咖啡,1
M0237,女,54,8,2,167,38,一般,0,1.9,咖啡,0
M0238,女,38,24,11,219,3,銀卡,1,1.5,咖啡,1
M0239,男,38,2,28,171,12,一般,0,1.0,烘焙,1
M0240,女,68,3,5,242,11,一般,1,5.4,咖啡,1
M0241,男,55,6,8,235,2,銀卡,0,4.8,烘焙,0
M0242,女,72,3,3,176,67,一般,1,3.1,咖啡,0
M0243,男,49,18,8,179,7,銀卡,1,1.5,烘焙,1
M0244,男,68,9,10,153,2,銀卡,0,1.0,咖啡,1
M0245,男,42,36,2,196,56,一般,0,1.3,咖啡,0
M0246,男,72,26,12,175,31,金卡,1,1.8,咖啡,0
M0247,女,58,32,10,227,5,銀卡,0,1.8,咖啡,1
M0248,女,61,6,4,113,90,一般,1,2.4,咖啡,0
M0249,男,29,24,5,260,46,銀卡,0,4.5,茶飲,0
M0250,男,48,11,10,129,29,銀卡,0,2.9,茶飲,0
M0251,男,67,12,12,211,29,銀卡,1,2.3,茶飲,1
M0252,女,50,9,20,136,0,銀卡,0,0.6,咖啡,0
M0253,男,69,5,5,271,9,一般,0,2.9,咖啡,0
M0254,男,49,27,5,83,0,銀卡,0,1.4,咖啡,0
M0255,男,49,24,7,234,7,銀卡,0,7.5,茶飲,0
M0256,男,39,25,2,181,37,一般,1,1.9,茶飲,0
M0257,女,61,12,2,144,90,一般,0,3.0,茶飲,0
M0258,女,46,35,21,135,0,金卡,1,9.5,咖啡,1
M0259,男,72,5,5,168,24,一般,1,1.3,茶飲,1
M0260,女,69,8,5,142,1,銀卡,1,10.3,咖啡,0
M0261,男,58,19,2,148,13,一般,1,5.4,烘焙,1
M0262,女,57,9,14,199,8,銀卡,1,2.4,咖啡,1
M0263,男,41,36,10,91,14,銀卡,0,1.4,茶飲,1
M0264,男,72,1,14,190,2,一般,1,2.5,咖啡,1
M0265,女,62,10,10,146,21,銀卡,0,2.1,茶飲,0
M0266,女,44,26,8,168,9,銀卡,0,8.5,咖啡,0
M0267,女,61,10,11,206,42,銀卡,0,3.8,咖啡,0
M0268,女,63,34,13,111,3,金卡,0,6.4,烘焙,1
M0269,女,45,31,6,241,16,銀卡,1,0.9,茶飲,0
M0270,女,72,15,4,323,19,一般,1,4.2,茶飲,0
M0271,女,44,17,6,240,24,銀卡,0,2.1,烘焙,0
M0272,女,48,23,4,182,52,一般,1,3.0,咖啡,0
M0273,女,63,11,8,76,13,銀卡,1,3.4,烘焙,1
M0274,男,46,1,7,175,10,一般,1,13.7,咖啡,0
M0275,女,57,4,7,214,28,一般,1,1.6,咖啡,0
M0276,女,54,31,6,217,69,銀卡,0,1.4,茶飲,0
M0277,女,71,9,9,193,10,銀卡,1,1.2,茶飲,0
M0278,女,45,24,5,250,88,銀卡,0,4.1,咖啡,0
M0279,男,50,27,13,164,5,金卡,1,5.6,咖啡,1
M0280,男,62,5,9,181,3,一般,1,4.6,咖啡,1
M0281,女,62,15,2,115,90,一般,1,2.5,咖啡,0
M0282,女,72,29,14,131,17,金卡,1,5.3,咖啡,0
M0283,女,49,15,7,197,0,銀卡,1,2.8,咖啡,1
M0284,女,46,30,4,152,6,一般,1,1.5,咖啡,1
M0285,女,43,24,13,135,14,金卡,1,3.1,烘焙,1
M0286,男,47,13,2,240,47,一般,0,0.8,烘焙,0
M0287,男,39,4,11,156,0,一般,1,8.3,咖啡,1
M0288,男,37,29,15,196,15,金卡,0,3.2,茶飲,1
M0289,女,54,15,27,165,0,銀卡,1,0.9,茶飲,1
M0290,男,63,1,6,220,57,一般,0,2.7,咖啡,0
M0291,女,42,15,8,196,43,銀卡,1,1.7,咖啡,1
M0292,男,72,15,10,114,13,銀卡,1,4.2,咖啡,1
M0293,女,35,24,20,171,0,金卡,0,1.2,茶飲,1
M0294,女,72,33,7,124,28,銀卡,1,5.1,咖啡,0
M0295,女,72,34,16,181,8,金卡,1,4.4,咖啡,1
M0296,男,58,35,5,171,14,銀卡,1,1.8,烘焙,1
M0297,女,55,36,17,239,4,金卡,0,1.0,烘焙,1
M0298,男,38,26,6,175,8,銀卡,0,2.7,咖啡,0
M0299,女,47,7,3,186,57,一般,1,1.6,茶飲,0
M0300,女,62,35,14,102,8,金卡,1,6.9,咖啡,0
M0301,女,41,12,6,132,83,銀卡,1,2.9,茶飲,0
M0302,男,65,21,3,231,3,一般,1,0.6,茶飲,0
M0303,男,43,17,4,284,52,一般,0,1.2,烘焙,0
M0304,男,56,33,11,177,11,銀卡,1,1.5,咖啡,0
M0305,女,50,25,3,147,7,一般,1,4.3,茶飲,0
M0306,男,39,23,6,133,28,銀卡,1,6.0,咖啡,1
M0307,女,59,33,4,249,90,一般,1,4.4,咖啡,0
M0308,男,47,30,8,197,34,銀卡,0,3.3,咖啡,1
M0309,女,68,22,5,131,24,銀卡,0,3.2,茶飲,1
M0310,女,44,6,9,143,34,銀卡,1,1.7,烘焙,0
M0311,女,51,8,18,169,10,銀卡,0,1.3,咖啡,1
M0312,女,49,7,6,231,2,銀卡,1,0.7,茶飲,1
M0313,女,64,30,20,311,3,金卡,0,2.1,咖啡,1
M0314,女,60,24,14,148,32,金卡,1,1.9,咖啡,1
M0315,男,48,36,5,93,34,銀卡,0,2.2,咖啡,0
M0316,女,41,15,2,234,9,一般,1,1.3,咖啡,0
M0317,男,60,36,3,105,11,一般,1,4.5,烘焙,0
M0318,男,40,15,8,169,1,銀卡,1,5.7,咖啡,1
M0319,男,72,30,3,178,8,一般,0,2.7,茶飲,0
M0320,女,59,16,8,157,9,銀卡,1,4.2,烘焙,1
M0321,女,72,1,7,149,18,一般,1,3.3,烘焙,1
M0322,男,53,17,6,211,86,銀卡,1,7.7,茶飲,0
M0323,男,45,16,16,151,2,銀卡,0,1.3,烘焙,1
M0324,男,39,19,1,220,71,一般,0,0.9,茶飲,0
M0325,女,47,12,11,151,1,銀卡,1,2.9,咖啡,0
M0326,男,46,16,5,325,55,銀卡,0,3.7,咖啡,0
M0327,女,51,36,5,273,47,銀卡,1,1.9,茶飲,0
M0328,女,56,30,1,105,36,一般,0,0.9,咖啡,0
M0329,男,37,35,4,159,13,一般,0,8.0,茶飲,0
M0330,女,72,15,1,143,11,一般,0,9.0,咖啡,0
M0331,男,54,21,3,249,73,一般,0,5.2,茶飲,0
M0332,女,56,7,6,151,21,銀卡,1,2.3,咖啡,0
M0333,女,51,5,4,167,31,一般,1,3.3,咖啡,0
M0334,女,42,12,4,194,55,一般,1,3.4,咖啡,0
M0335,男,47,12,20,242,12,銀卡,1,0.4,烘焙,1
M0336,男,44,1,20,241,4,一般,0,3.9,咖啡,1
M0337,女,66,3,4,120,42,一般,0,3.0,茶飲,0
M0338,男,55,34,9,220,13,銀卡,0,1.5,咖啡,1
M0339,男,72,3,15,175,11,一般,1,5.7,茶飲,1
M0340,女,46,3,2,257,9,一般,0,5.4,茶飲,0
M0341,女,43,11,10,169,16,銀卡,1,2.4,烘焙,0
M0342,男,47,16,6,159,22,銀卡,1,3.5,烘焙,1
M0343,男,68,28,18,167,3,金卡,1,2.6,茶飲,1
M0344,女,71,15,7,243,13,銀卡,1,4.4,咖啡,1
M0345,男,72,28,3,126,19,一般,1,7.1,茶飲,0
M0346,男,56,33,2,133,26,一般,0,6.1,咖啡,0
M0347,女,65,35,13,123,4,金卡,1,2.7,茶飲,1
M0348,男,44,31,7,199,10,銀卡,1,5.8,茶飲,1
M0349,女,63,25,20,213,1,金卡,1,0.9,烘焙,1
M0350,女,48,18,9,177,18,銀卡,0,3.5,茶飲,0
M0351,男,65,13,4,138,7,一般,0,7.4,茶飲,0
M0352,女,72,11,8,188,9,銀卡,0,11.6,咖啡,1
M0353,男,59,28,9,170,1,銀卡,0,2.6,烘焙,0
M0354,女,72,6,6,120,30,銀卡,0,3.0,咖啡,1
M0355,女,58,10,8,220,21,銀卡,1,1.9,咖啡,0
M0356,女,48,9,4,218,6,一般,1,1.3,咖啡,1
M0357,女,63,7,18,193,1,銀卡,1,1.1,茶飲,1
M0358,女,69,1,3,403,32,一般,0,2.9,烘焙,0
M0359,女,48,18,9,172,4,銀卡,0,2.3,咖啡,1
M0360,女,41,26,6,134,18,銀卡,0,6.0,茶飲,0
M0361,男,72,10,3,156,34,一般,0,2.3,茶飲,0
M0362,女,45,31,10,159,10,銀卡,0,2.7,咖啡,1
M0363,女,72,8,5,135,6,銀卡,1,2.0,咖啡,1
M0364,男,37,4,6,171,54,一般,0,3.3,咖啡,0
M0365,男,49,7,12,168,4,銀卡,0,2.3,烘焙,0
M0366,男,72,16,6,157,11,銀卡,0,1.6,茶飲,0
M0367,女,46,23,20,160,9,金卡,1,1.8,烘焙,1
M0368,女,48,5,9,117,6,一般,1,5.0,咖啡,1
M0369,女,59,31,3,169,17,一般,0,4.5,茶飲,0
M0370,女,62,7,1,117,82,一般,1,9.3,烘焙,0
M0371,女,49,3,10,267,5,一般,0,2.9,茶飲,1
M0372,女,41,24,15,249,1,金卡,0,0.7,烘焙,0
M0373,女,44,10,8,131,62,銀卡,1,3.5,咖啡,0
M0374,女,52,30,2,177,16,一般,1,3.6,咖啡,1
M0375,男,68,4,7,125,10,一般,1,6.5,咖啡,1
M0376,男,41,25,2,139,19,一般,1,6.1,咖啡,1
M0377,女,47,29,22,164,10,金卡,1,1.8,烘焙,1
M0378,男,50,17,8,182,22,銀卡,0,1.1,咖啡,0
M0379,女,43,9,6,124,27,銀卡,1,9.3,烘焙,0
M0380,男,72,10,5,207,24,銀卡,0,4.2,茶飲,0
M0381,男,53,21,5,152,30,銀卡,0,4.0,咖啡,0
M0382,女,72,17,4,218,12,一般,1,1.5,咖啡,1
M0383,男,45,30,5,164,49,銀卡,1,1.0,茶飲,1
M0384,女,59,23,3,196,15,一般,1,2.5,咖啡,1
M0385,女,46,34,5,305,36,銀卡,0,2.7,咖啡,1
M0386,女,47,6,12,139,6,銀卡,1,6.1,咖啡,1
M0387,女,72,9,16,234,0,銀卡,1,1.8,咖啡,1
M0388,男,36,13,26,192,5,銀卡,0,1.7,茶飲,1
M0389,男,47,34,1,160,28,一般,0,2.2,烘焙,0
M0390,男,36,12,14,161,2,銀卡,1,2.6,咖啡,1
M0391,女,45,29,15,177,7,金卡,0,2.4,咖啡,1
M0392,男,72,31,10,186,7,銀卡,0,3.4,茶飲,0
M0393,女,52,19,7,185,25,銀卡,1,1.5,咖啡,1
M0394,女,66,35,7,190,20,銀卡,1,3.5,咖啡,1
M0395,女,58,29,8,118,19,銀卡,1,1.7,咖啡,1
M0396,男,51,24,18,208,10,金卡,1,0.5,茶飲,1
M0397,男,39,24,5,167,40,銀卡,1,2.9,烘焙,0
M0398,男,54,26,15,132,0,金卡,1,1.2,咖啡,1
M0399,女,52,6,8,162,7,銀卡,0,2.0,烘焙,1
M0400,女,72,11,7,331,24,銀卡,1,2.6,咖啡,1
M0401,女,56,15,26,179,11,銀卡,1,3.7,茶飲,1
M0402,女,65,10,4,278,31,一般,1,4.4,咖啡,0
M0403,女,66,35,10,182,22,銀卡,0,1.1,咖啡,1
M0404,女,52,26,2,171,55,一般,0,2.6,咖啡,0
M0405,男,44,13,15,117,6,銀卡,1,4.0,茶飲,1
M0406,女,64,21,7,80,3,銀卡,0,5.6,咖啡,0
M0407,男,34,36,4,237,33,一般,0,5.7,烘焙,0
M0408,男,61,23,12,127,81,金卡,0,3.9,茶飲,0
M0409,男,72,21,16,143,2,金卡,1,1.5,茶飲,1
M0410,女,60,32,2,241,21,一般,1,5.0,茶飲,0
M0411,女,55,31,2,258,33,一般,1,2.6,茶飲,1
M0412,女,56,35,11,124,6,銀卡,1,5.3,咖啡,1
M0413,女,46,14,9,216,6,銀卡,1,5.1,烘焙,0
M0414,女,56,7,11,221,6,銀卡,0,1.3,咖啡,0
M0415,女,60,5,9,90,14,一般,1,0.8,咖啡,1
M0416,男,49,15,7,226,32,銀卡,1,1.1,茶飲,0
M0417,女,61,26,15,76,9,金卡,1,7.7,咖啡,1
M0418,男,37,16,14,188,0,銀卡,1,2.4,烘焙,1
M0419,男,64,7,18,248,5,銀卡,1,1.4,咖啡,1
M0420,男,52,33,4,161,29,一般,1,3.5,咖啡,1
M0421,男,68,15,7,109,49,銀卡,0,6.3,咖啡,0
M0422,女,52,28,3,149,24,一般,0,2.8,咖啡,0
M0423,男,69,8,18,164,4,銀卡,1,1.0,烘焙,1
M0424,女,59,32,3,96,14,一般,1,0.3,茶飲,0
M0425,女,58,17,18,221,9,銀卡,0,2.2,烘焙,1
M0426,女,72,26,3,82,9,一般,0,3.0,烘焙,0
M0427,女,70,15,5,208,90,銀卡,1,3.2,茶飲,0
M0428,女,30,16,7,161,4,銀卡,1,7.0,茶飲,1
M0429,男,41,1,2,208,35,一般,0,7.7,咖啡,0
M0430,男,50,33,9,228,24,銀卡,0,1.8,咖啡,1
M0431,男,60,3,7,147,0,一般,0,7.0,咖啡,0
M0432,女,52,9,9,142,13,銀卡,1,2.5,咖啡,1
M0433,女,64,26,18,255,6,金卡,0,3.2,茶飲,1
M0434,女,47,6,17,82,0,銀卡,1,8.2,烘焙,1
M0435,女,66,4,2,158,80,一般,0,2.9,茶飲,0
M0436,女,38,21,19,146,0,金卡,1,1.5,咖啡,1
M0437,女,33,9,8,95,11,銀卡,1,5.3,咖啡,1
M0438,男,58,6,11,232,13,銀卡,0,4.4,咖啡,1
M0439,女,43,15,4,70,43,一般,0,8.5,咖啡,0
M0440,女,62,18,12,114,14,金卡,1,3.9,咖啡,1
M0441,男,38,15,4,158,5,一般,1,4.1,烘焙,1
M0442,男,72,3,13,138,7,一般,1,9.9,茶飲,0
M0443,女,48,6,14,90,0,銀卡,0,2.0,茶飲,1
M0444,女,72,15,5,130,0,銀卡,1,1.6,茶飲,0
M0445,男,60,17,3,163,25,一般,1,1.8,咖啡,1
M0446,女,38,34,2,182,36,一般,1,2.7,茶飲,0
M0447,女,38,25,4,118,14,一般,1,5.8,茶飲,0
M0448,女,43,1,15,172,23,一般,0,2.4,咖啡,1
M0449,女,56,14,5,207,8,銀卡,1,2.5,咖啡,0
M0450,女,67,9,10,338,4,銀卡,0,1.7,咖啡,1
M0451,女,44,18,5,116,24,銀卡,0,1.7,咖啡,1
M0452,女,72,23,13,138,4,金卡,1,1.6,茶飲,0
M0453,女,68,22,13,183,4,金卡,0,3.8,咖啡,0
M0454,女,57,4,2,173,27,一般,1,1.8,烘焙,1
M0455,女,47,1,7,167,27,一般,0,2.3,烘焙,0
M0456,男,32,22,3,132,45,一般,0,1.5,咖啡,0
M0457,女,46,21,8,196,4,銀卡,1,2.2,咖啡,1
M0458,女,32,2,8,148,5,一般,0,1.0,咖啡,1
M0459,女,46,2,1,163,90,一般,1,5.4,烘焙,0
M0460,男,63,26,6,194,10,銀卡,1,1.3,茶飲,1
M0461,女,55,11,5,118,0,銀卡,1,3.3,烘焙,1
M0462,男,48,19,18,143,8,金卡,0,3.6,咖啡,1
M0463,女,72,35,8,144,19,銀卡,0,1.2,茶飲,0
M0464,女,64,9,17,188,17,銀卡,1,4.0,茶飲,1
M0465,女,58,27,9,162,10,銀卡,0,1.2,茶飲,1
M0466,男,54,13,4,178,72,一般,0,2.9,茶飲,0
M0467,男,52,8,4,232,1,一般,0,0.6,烘焙,0
M0468,女,58,16,1,153,53,一般,1,2.0,茶飲,0
M0469,女,43,34,10,122,49,銀卡,1,2.4,咖啡,0
M0470,男,72,27,3,95,5,一般,0,1.6,咖啡,1
M0471,女,54,9,2,89,11,一般,1,2.0,烘焙,0
M0472,男,45,2,8,97,22,一般,1,2.0,茶飲,0
M0473,女,55,24,17,121,4,金卡,1,6.2,咖啡,1
M0474,女,72,14,3,135,5,一般,1,3.4,咖啡,0
M0475,女,51,29,10,289,14,銀卡,1,7.3,咖啡,1
M0476,男,46,13,6,145,3,銀卡,1,1.6,咖啡,1
M0477,男,45,17,9,286,2,銀卡,1,4.4,咖啡,1
M0478,男,65,31,9,247,0,銀卡,1,4.3,咖啡,1
M0479,女,54,2,8,160,9,一般,1,1.0,茶飲,0
M0480,女,60,7,15,155,3,銀卡,0,0.2,茶飲,1
M0481,男,57,6,14,115,0,銀卡,1,2.6,咖啡,1
M0482,女,71,3,3,182,15,一般,0,5.8,咖啡,0
M0483,女,69,2,5,159,85,一般,1,2.9,咖啡,0
M0484,女,52,31,4,143,2,一般,1,1.0,咖啡,0
M0485,男,54,11,19,256,14,銀卡,1,3.3,茶飲,1
M0486,女,68,30,13,130,5,金卡,0,2.7,茶飲,1
M0487,男,42,7,6,195,23,銀卡,1,4.6,茶飲,1
M0488,女,50,32,10,109,0,銀卡,1,8.4,咖啡,1
M0489,男,48,3,4,71,25,一般,1,1.5,咖啡,0
M0490,男,58,34,9,118,4,銀卡,0,0.7,烘焙,1
M0491,男,51,16,6,184,41,銀卡,1,1.0,咖啡,1
M0492,女,43,29,7,206,38,銀卡,1,3.8,咖啡,0
M0493,女,65,10,1,323,90,一般,0,0.3,咖啡,0
M0494,女,65,2,7,229,12,一般,1,5.2,咖啡,0
M0495,男,65,7,12,183,0,銀卡,1,5.0,茶飲,1
M0496,男,56,16,6,207,5,銀卡,0,5.4,茶飲,0
M0497,女,40,25,14,227,1,金卡,1,1.5,咖啡,1
M0498,女,42,3,30,116,3,一般,0,2.4,茶飲,1
M0499,男,51,26,18,107,8,金卡,0,2.3,茶飲,1
M0500,女,50,10,8,143,15,銀卡,1,0.9,烘焙,0
M0501,女,50,13,12,145,23,銀卡,1,2.9,咖啡,1
M0502,女,45,35,3,101,9,一般,1,1.6,咖啡,1
M0503,女,47,30,13,185,9,金卡,0,0.9,咖啡,1
M0504,女,59,14,3,140,1,一般,1,6.3,咖啡,1
M0505,男,60,26,11,105,0,銀卡,1,1.8,烘焙,1
M0506,女,71,8,36,186,3,銀卡,0,3.0,咖啡,1
M0507,男,38,35,9,128,12,銀卡,0,9.2,烘焙,0
M0508,男,47,7,9,189,16,銀卡,0,1.6,咖啡,1
M0509,女,57,28,17,361,2,金卡,1,5.5,烘焙,1
M0510,女,38,32,18,161,0,金卡,0,2.6,烘焙,1
M0511,女,71,1,19,86,0,一般,1,0.9,茶飲,1
M0512,男,72,15,4,190,90,一般,0,1.6,咖啡,0
M0513,女,49,13,8,151,6,銀卡,1,1.6,茶飲,0
M0514,男,52,18,4,109,7,一般,1,2.5,烘焙,1
M0515,男,60,12,8,89,28,銀卡,0,1.2,咖啡,0
M0516,男,61,1,5,203,1,一般,1,1.4,烘焙,1
M0517,男,42,35,5,180,29,銀卡,0,1.4,咖啡,1
M0518,女,68,22,9,165,8,銀卡,1,4.9,烘焙,1
M0519,男,63,17,22,176,16,銀卡,1,2.8,茶飲,1
M0520,女,60,13,12,181,3,銀卡,1,4.4,茶飲,1
M0521,男,61,32,6,211,15,銀卡,1,1.3,茶飲,1
M0522,男,36,3,5,150,12,一般,1,2.4,咖啡,1
M0523,男,72,35,6,182,32,銀卡,0,1.5,咖啡,0
M0524,女,64,3,4,176,26,一般,0,1.3,咖啡,0
M0525,男,42,6,7,82,17,銀卡,1,2.3,咖啡,1
M0526,女,57,27,6,247,4,銀卡,1,4.3,茶飲,1
M0527,女,72,25,21,191,9,金卡,1,6.6,咖啡,1
M0528,女,46,2,16,95,17,一般,1,8.2,咖啡,1
M0529,女,72,21,5,123,90,銀卡,0,2.9,烘焙,0
M0530,男,58,8,4,210,57,一般,1,3.7,咖啡,0
M0531,女,72,25,12,210,4,金卡,0,0.6,咖啡,1
M0532,女,72,35,3,216,61,一般,0,2.3,茶飲,0
M0533,男,72,15,5,177,8,銀卡,0,1.2,咖啡,0
M0534,男,49,20,21,194,20,金卡,0,4.5,茶飲,1
M0535,男,46,25,9,102,20,銀卡,1,2.4,咖啡,1
M0536,男,70,18,8,161,20,銀卡,0,4.7,咖啡,0
M0537,男,53,18,5,98,15,銀卡,1,10.0,烘焙,1
M0538,男,56,19,29,195,3,金卡,1,3.3,咖啡,1
M0539,女,70,25,15,172,4,金卡,1,1.8,咖啡,1
M0540,女,56,36,1,270,59,一般,1,1.9,茶飲,0
M0541,男,62,11,16,139,4,銀卡,1,13.8,烘焙,0
M0542,男,62,27,4,91,83,一般,1,0.9,咖啡,0
M0543,男,72,1,11,168,0,一般,0,5.1,茶飲,1
M0544,男,50,9,2,149,77,一般,0,0.9,咖啡,1
M0545,女,53,21,7,161,3,銀卡,1,2.2,烘焙,1
M0546,男,49,11,8,100,6,銀卡,0,7.4,咖啡,0
M0547,男,47,11,5,178,0,銀卡,0,2.0,咖啡,1
M0548,男,44,31,2,166,31,一般,1,1.0,茶飲,0
M0549,男,72,14,3,149,8,一般,1,2.8,茶飲,0
M0550,女,53,28,1,157,90,一般,0,5.7,咖啡,0
M0551,男,42,3,7,174,27,一般,0,3.0,茶飲,1
M0552,女,72,19,2,250,16,一般,1,20.0,咖啡,0
M0553,女,42,32,7,121,31,銀卡,1,9.0,茶飲,0
M0554,男,67,25,9,114,0,銀卡,1,3.1,烘焙,1
M0555,男,56,33,8,194,16,銀卡,0,1.7,咖啡,0
M0556,女,49,7,2,166,45,一般,1,2.5,茶飲,0
M0557,男,49,31,7,157,31,銀卡,1,4.2,茶飲,1
M0558,男,56,3,26,215,11,一般,0,4.1,咖啡,0
M0559,女,40,29,11,220,12,銀卡,0,2.3,咖啡,1
M0560,女,60,28,4,245,65,一般,0,1.0,茶飲,1
M0561,女,56,29,5,135,31,銀卡,0,4.1,茶飲,0
M0562,男,48,35,1,185,55,一般,1,3.6,咖啡,1
M0563,女,59,32,12,244,15,金卡,0,6.2,咖啡,1
M0564,女,59,25,4,105,90,一般,0,4.2,咖啡,0
M0565,男,45,25,4,111,0,一般,1,3.9,茶飲,0
M0566,女,54,15,7,112,32,銀卡,0,2.1,咖啡,0
M0567,女,53,21,5,147,21,銀卡,0,3.3,咖啡,1
M0568,女,60,8,2,185,38,一般,1,2.0,咖啡,0
M0569,女,42,13,17,110,0,銀卡,0,5.5,咖啡,1
M0570,女,57,9,2,203,82,一般,1,1.9,茶飲,0
M0571,女,72,9,7,96,18,銀卡,1,12.4,咖啡,1
M0572,男,72,22,5,316,6,銀卡,0,2.3,咖啡,0
M0573,女,47,18,2,162,2,一般,1,0.6,咖啡,0
M0574,男,69,31,22,120,0,金卡,1,0.8,茶飲,1
M0575,女,43,34,8,135,0,銀卡,0,1.4,茶飲,1
M0576,男,72,2,14,202,21,一般,0,0.8,咖啡,1
M0577,女,49,10,6,98,46,銀卡,0,5.7,烘焙,0
M0578,男,51,16,8,144,22,銀卡,0,5.3,茶飲,0
M0579,男,66,22,3,76,6,一般,1,4.1,茶飲,1
M0580,女,62,22,5,158,50,銀卡,1,1.4,咖啡,0
M0581,女,44,22,2,168,51,一般,0,5.0,茶飲,0
M0582,女,62,20,10,93,24,銀卡,0,2.0,咖啡,0
M0583,女,72,23,3,318,3,一般,1,1.1,咖啡,1
M0584,男,57,8,5,208,4,銀卡,1,1.6,茶飲,0
M0585,男,61,24,10,129,10,銀卡,1,4.6,茶飲,0
M0586,女,48,35,7,129,10,銀卡,0,3.6,茶飲,0
M0587,女,43,35,30,192,13,金卡,1,6.6,烘焙,1
M0588,男,58,7,0,207,4,一般,1,5.9,茶飲,0
M0589,女,50,12,4,159,10,一般,1,0.8,咖啡,0
M0590,男,70,10,6,239,2,銀卡,0,2.2,茶飲,1
M0591,女,54,18,7,105,13,銀卡,0,2.7,烘焙,0
M0592,男,51,27,11,146,0,銀卡,1,3.2,烘焙,1
M0593,女,40,2,3,135,18,一般,1,1.9,咖啡,0
M0594,女,39,5,2,85,13,一般,1,1.4,咖啡,0
M0595,女,48,35,6,96,21,銀卡,1,2.8,茶飲,1
M0596,女,54,12,4,122,45,一般,1,1.5,咖啡,0
M0597,女,51,12,4,164,6,一般,1,5.4,烘焙,1
M0598,女,47,19,4,131,1,一般,0,2.5,咖啡,1
M0599,女,43,1,1,145,20,一般,1,3.5,咖啡,0
M0600,女,53,30,0,103,90,一般,1,4.7,咖啡,0
M0601,男,50,9,9,179,1,銀卡,1,1.5,咖啡,0
M0602,女,62,30,5,154,39,銀卡,0,4.7,烘焙,0
M0603,男,52,22,1,125,51,一般,0,3.4,茶飲,0
M0604,男,72,15,20,94,4,銀卡,1,3.1,烘焙,1
M0605,女,46,25,6,100,2,銀卡,1,7.7,咖啡,1
M0606,女,59,2,6,144,0,一般,0,3.3,茶飲,0
M0607,男,54,33,8,110,36,銀卡,0,8.4,茶飲,0
M0608,女,56,23,6,178,12,銀卡,0,2.3,茶飲,1
M0609,女,39,23,2,180,90,一般,1,1.4,烘焙,0
M0610,女,51,5,3,228,79,一般,1,9.5,茶飲,0
M0611,男,58,13,4,145,3,一般,0,2.0,咖啡,0
M0612,男,67,30,12,167,17,金卡,0,1.3,茶飲,0
M0613,男,37,11,21,150,30,銀卡,1,2.5,烘焙,1
M0614,男,51,8,8,212,34,銀卡,0,1.1,咖啡,0
M0615,女,54,6,6,147,17,銀卡,1,3.8,咖啡,0
M0616,女,42,23,4,174,44,一般,1,1.6,茶飲,0
M0617,女,39,18,10,260,0,銀卡,1,4.3,咖啡,1
M0618,男,57,12,15,98,28,銀卡,0,5.4,咖啡,1
M0619,男,54,27,11,106,41,銀卡,0,1.9,咖啡,1
M0620,男,47,21,5,167,12,銀卡,1,1.2,咖啡,1
M0621,男,66,33,6,208,2,銀卡,0,7.1,咖啡,1
M0622,男,46,33,3,153,37,一般,0,5.7,咖啡,0
M0623,女,57,9,4,270,21,一般,0,4.3,咖啡,0
M0624,男,69,10,9,223,14,銀卡,0,3.3,茶飲,0
M0625,女,54,10,3,126,40,一般,0,1.8,烘焙,0
M0626,女,50,3,11,252,4,一般,1,2.5,烘焙,1
M0627,女,68,25,5,123,9,銀卡,1,3.6,咖啡,1
M0628,女,30,20,21,202,0,金卡,1,8.2,烘焙,0
M0629,女,43,11,3,84,63,一般,0,0.7,茶飲,0
M0630,女,46,7,4,174,15,一般,0,4.0,咖啡,0
M0631,男,64,26,4,181,31,一般,0,1.7,咖啡,0
M0632,男,54,6,5,190,0,銀卡,1,5.8,茶飲,1
M0633,女,62,8,1,155,17,一般,1,2.9,烘焙,1
M0634,男,61,20,1,150,16,一般,1,2.1,咖啡,0
M0635,男,66,22,36,161,0,金卡,1,6.6,烘焙,1
M0636,男,38,3,5,117,3,一般,0,4.6,咖啡,0
M0637,女,43,25,10,107,19,銀卡,1,1.7,茶飲,1
M0638,男,71,21,2,272,27,一般,0,11.4,茶飲,0
M0639,女,56,11,2,121,22,一般,0,1.8,烘焙,0
M0640,女,55,33,4,140,23,一般,0,1.2,咖啡,0
M0641,女,44,17,11,207,7,銀卡,0,2.4,烘焙,1
M0642,女,52,19,23,248,12,金卡,0,2.6,烘焙,1
M0643,女,52,32,1,162,9,一般,0,4.2,烘焙,0
M0644,女,69,30,15,219,13,金卡,0,2.7,烘焙,1
M0645,女,44,17,4,184,25,一般,0,0.8,咖啡,1
M0646,男,44,11,2,165,14,一般,1,7.0,咖啡,1
M0647,男,58,29,4,199,7,一般,1,4.4,咖啡,1
M0648,女,44,9,13,124,1,銀卡,1,2.3,茶飲,1
M0649,男,72,31,10,208,20,銀卡,0,3.2,烘焙,0
M0650,男,59,26,28,171,10,金卡,0,3.8,茶飲,1
M0651,男,34,24,3,164,24,一般,1,3.7,烘焙,0
M0652,女,56,10,5,131,37,銀卡,0,3.9,茶飲,0
M0653,男,44,30,10,189,11,銀卡,0,2.6,咖啡,0
M0654,女,72,26,11,172,6,銀卡,1,2.8,茶飲,1
M0655,女,68,26,8,134,0,銀卡,0,1.2,烘焙,0
M0656,男,59,34,1,192,90,一般,1,4.1,咖啡,0
M0657,男,50,21,14,244,0,金卡,1,4.1,咖啡,1
M0658,女,60,28,3,167,37,一般,1,2.4,咖啡,0
M0659,女,48,27,4,159,14,一般,0,3.8,烘焙,0
M0660,男,66,20,6,200,73,銀卡,1,4.1,茶飲,1
M0661,女,46,23,6,120,15,銀卡,0,6.4,咖啡,0
M0662,女,37,34,10,81,2,銀卡,1,1.7,咖啡,0
M0663,女,38,11,7,178,12,銀卡,1,2.8,咖啡,0
M0664,男,55,7,3,194,15,一般,1,5.0,茶飲,0
M0665,男,38,10,10,98,9,銀卡,1,3.5,茶飲,1
M0666,女,58,12,12,107,5,銀卡,1,0.8,茶飲,1
M0667,男,58,22,10,135,22,銀卡,0,1.9,咖啡,1
M0668,男,42,15,4,87,38,一般,1,4.9,咖啡,0
M0669,女,36,13,12,309,23,銀卡,1,2.9,咖啡,1
M0670,女,47,18,15,86,5,金卡,1,2.1,咖啡,1
M0671,男,55,30,9,135,3,銀卡,0,1.1,茶飲,1
M0672,女,51,36,9,204,2,銀卡,1,4.1,咖啡,1
M0673,男,72,18,17,142,3,金卡,0,1.1,咖啡,1
M0674,女,35,12,11,92,15,銀卡,1,1.3,茶飲,0
M0675,男,54,24,10,134,39,銀卡,1,4.0,茶飲,0
M0676,女,62,30,15,133,7,金卡,0,2.8,茶飲,1
M0677,女,49,6,10,114,2,銀卡,0,2.6,咖啡,0
M0678,女,47,26,1,98,47,一般,0,2.4,茶飲,0
M0679,男,72,30,37,123,1,金卡,0,1.9,咖啡,1
M0680,女,53,23,10,185,9,銀卡,1,2.6,咖啡,1
M0681,女,46,10,13,201,76,銀卡,1,1.1,咖啡,0
M0682,男,66,3,5,174,90,一般,1,2.8,咖啡,0
M0683,男,67,2,4,128,35,一般,0,1.3,茶飲,0
M0684,女,47,14,2,124,33,一般,1,2.0,咖啡,0
M0685,女,47,15,4,196,71,一般,1,3.4,茶飲,0
M0686,女,52,4,5,253,15,一般,1,3.6,咖啡,0
M0687,女,62,20,5,169,8,銀卡,0,4.3,烘焙,0
M0688,男,53,24,6,211,38,銀卡,0,6.0,咖啡,0
M0689,女,56,22,12,151,9,金卡,1,1.6,烘焙,1
M0690,女,47,35,7,133,21,銀卡,1,1.6,茶飲,1
M0691,女,72,21,5,202,12,銀卡,1,2.8,烘焙,1
M0692,女,37,22,11,127,10,銀卡,1,1.9,咖啡,1
M0693,女,44,35,17,148,4,金卡,1,9.7,咖啡,1
M0694,男,60,13,9,198,52,銀卡,0,2.1,咖啡,0
M0695,女,69,26,9,138,10,銀卡,0,2.0,茶飲,1
M0696,男,46,33,9,273,7,銀卡,0,4.5,咖啡,1
M0697,女,33,17,9,221,31,銀卡,0,0.7,烘焙,0
M0698,女,56,14,7,227,17,銀卡,1,3.7,烘焙,1
M0699,女,45,22,4,172,12,一般,1,2.4,茶飲,0
M0700,男,65,18,6,155,57,銀卡,1,3.2,咖啡,0
M0701,女,72,17,5,181,0,銀卡,0,1.8,咖啡,1
M0702,女,69,33,4,145,12,一般,0,3.3,茶飲,0
M0703,男,47,14,1,206,41,一般,1,6.3,茶飲,0
M0704,女,50,23,8,257,9,銀卡,1,2.8,咖啡,0
M0705,男,28,7,6,112,10,銀卡,0,2.6,茶飲,0
M0706,男,55,19,16,141,39,金卡,1,4.1,烘焙,0
M0707,男,40,1,3,250,31,一般,0,9.4,咖啡,0
M0708,男,57,19,2,112,21,一般,0,4.2,烘焙,0
M0709,男,36,10,5,131,2,銀卡,1,3.9,茶飲,1
M0710,女,52,33,2,183,52,一般,1,4.6,咖啡,0
M0711,女,57,2,5,108,10,一般,1,5.1,咖啡,1
M0712,女,37,2,7,154,4,一般,1,3.5,咖啡,0
M0713,男,58,33,1,108,90,一般,1,1.3,烘焙,0
M0714,男,72,9,10,184,23,銀卡,1,10.7,咖啡,1
M0715,女,72,30,5,145,0,銀卡,1,2.0,咖啡,0
M0716,男,57,22,5,162,8,銀卡,0,5.3,茶飲,0
M0717,男,69,25,4,253,14,一般,0,2.3,咖啡,1
M0718,女,39,20,4,198,7,一般,0,3.3,咖啡,0
M0719,男,72,12,9,130,3,銀卡,0,0.7,茶飲,0
M0720,男,59,20,20,172,18,金卡,0,0.9,茶飲,1
M0721,女,58,2,17,201,2,一般,1,1.4,茶飲,0
M0722,男,56,33,4,333,13,一般,1,0.9,咖啡,1
M0723,女,50,7,14,199,0,銀卡,1,2.9,咖啡,1
M0724,女,40,17,8,244,1,銀卡,1,2.6,咖啡,0
M0725,女,61,1,31,142,5,一般,1,2.8,茶飲,1
M0726,女,53,18,11,163,37,銀卡,1,2.8,咖啡,1
M0727,女,43,34,3,135,6,一般,1,3.8,茶飲,1
M0728,女,37,35,18,70,11,金卡,0,1.4,咖啡,1
M0729,男,71,32,3,349,3,一般,1,0.9,咖啡,0
M0730,女,53,24,5,146,14,銀卡,0,5.2,茶飲,0
M0731,女,72,31,15,125,11,金卡,0,2.8,茶飲,0
M0732,男,49,24,12,199,1,金卡,0,1.7,咖啡,1
M0733,女,45,4,4,243,90,一般,1,0.7,咖啡,0
M0734,女,61,7,3,118,60,一般,0,2.6,茶飲,0
M0735,女,47,23,8,334,18,銀卡,1,6.7,咖啡,1
M0736,女,44,22,6,194,2,銀卡,1,3.3,咖啡,0
M0737,男,72,14,1,195,5,一般,1,0.9,咖啡,0
M0738,女,47,9,1,166,27,一般,1,2.1,烘焙,0
M0739,女,42,8,7,282,8,銀卡,0,1.7,烘焙,1
M0740,男,54,14,7,122,13,銀卡,1,1.3,烘焙,1
M0741,女,43,24,2,143,56,一般,0,0.9,茶飲,0
M0742,男,45,14,4,348,11,一般,1,2.8,咖啡,0
M0743,男,72,17,6,164,6,銀卡,1,2.7,茶飲,1
M0744,男,72,36,1,389,32,一般,0,2.6,咖啡,0
M0745,男,52,34,9,173,1,銀卡,1,3.8,茶飲,0
M0746,男,47,29,7,188,9,銀卡,1,4.8,咖啡,1
M0747,男,62,21,5,195,12,銀卡,0,2.8,茶飲,0
M0748,女,55,15,1,219,37,一般,0,2.3,咖啡,0
M0749,男,40,33,9,147,17,銀卡,1,1.0,茶飲,1
M0750,男,72,16,11,169,21,銀卡,1,0.7,烘焙,1
M0751,男,62,19,4,328,26,一般,1,2.6,茶飲,1
M0752,男,31,13,6,113,15,銀卡,0,2.0,烘焙,1
M0753,男,48,14,14,149,5,銀卡,0,3.0,烘焙,0
M0754,女,36,27,12,232,1,金卡,1,0.6,茶飲,0
M0755,男,72,21,13,79,8,金卡,1,3.2,茶飲,0
M0756,男,72,1,8,150,0,一般,1,0.9,咖啡,0
M0757,男,72,28,3,161,36,一般,0,6.0,咖啡,0
M0758,男,50,1,12,326,0,一般,1,3.0,烘焙,1
M0759,女,52,34,16,222,4,金卡,1,0.8,茶飲,1
M0760,男,60,32,10,188,0,銀卡,0,3.1,咖啡,1
M0761,女,58,24,4,160,9,一般,1,5.2,烘焙,0
M0762,女,51,31,8,101,27,銀卡,1,6.4,咖啡,0
M0763,女,72,10,2,208,38,一般,0,0.9,茶飲,0
M0764,女,64,20,1,212,90,一般,1,1.9,咖啡,0
M0765,女,72,10,5,247,59,銀卡,1,3.0,烘焙,1
M0766,女,52,14,4,215,2,一般,1,4.7,咖啡,1
M0767,男,47,25,4,103,35,一般,1,3.2,烘焙,0
M0768,女,58,21,9,134,11,銀卡,1,3.4,茶飲,0
M0769,男,59,29,8,109,7,銀卡,1,4.1,茶飲,1
M0770,男,65,6,7,162,40,銀卡,0,11.3,咖啡,0
M0771,女,41,6,1,153,29,一般,0,4.1,烘焙,0
M0772,男,52,18,13,196,7,金卡,1,1.4,烘焙,0
M0773,男,51,18,15,164,17,金卡,1,1.4,茶飲,1
M0774,女,56,10,8,197,20,銀卡,0,4.2,茶飲,0
M0775,女,72,30,10,131,10,銀卡,0,5.2,茶飲,1
M0776,男,65,2,10,241,0,一般,1,2.8,咖啡,1
M0777,男,39,22,7,341,23,銀卡,1,2.6,咖啡,1
M0778,男,50,11,9,209,18,銀卡,1,3.9,咖啡,1
M0779,男,39,24,8,136,57,銀卡,0,2.7,咖啡,1
M0780,女,67,6,8,132,7,銀卡,1,1.8,咖啡,1
M0781,女,51,15,16,127,0,銀卡,0,2.7,茶飲,1
M0782,男,72,16,15,186,4,銀卡,0,5.0,咖啡,1
M0783,女,41,35,3,108,77,一般,1,1.8,咖啡,0
M0784,男,70,9,6,189,23,銀卡,1,5.4,茶飲,1
M0785,男,56,13,7,124,3,銀卡,0,1.9,茶飲,1
M0786,男,72,32,4,212,0,一般,1,1.6,咖啡,1
M0787,男,51,12,7,151,0,銀卡,1,10.8,茶飲,0
M0788,男,54,15,1,228,23,一般,1,4.6,烘焙,1
M0789,女,59,21,2,114,7,一般,1,2.0,咖啡,1
M0790,男,47,9,1,202,16,一般,0,1.1,烘焙,0
M0791,男,60,14,8,211,5,銀卡,0,2.0,茶飲,1
M0792,女,44,22,9,235,33,銀卡,0,6.8,咖啡,0
M0793,女,44,16,4,327,0,一般,0,4.5,茶飲,1
M0794,男,55,1,5,204,16,一般,1,5.8,茶飲,1
M0795,女,65,29,7,114,13,銀卡,1,3.3,茶飲,0
M0796,男,59,28,4,214,12,一般,1,0.9,烘焙,0
M0797,男,72,13,7,132,0,銀卡,0,0.7,茶飲,1
M0798,男,55,17,12,211,0,銀卡,0,1.4,咖啡,0
M0799,女,46,6,8,198,3,銀卡,0,14.9,咖啡,0
M0800,女,48,9,18,153,11,銀卡,0,1.1,咖啡,1
M0801,女,57,3,10,265,20,一般,1,1.5,咖啡,1
M0802,男,63,26,3,151,2,一般,1,1.9,咖啡,1
M0803,女,63,5,13,209,10,一般,1,1.4,咖啡,1
M0804,女,53,12,8,164,17,銀卡,1,0.5,烘焙,1
M0805,女,59,8,3,152,51,一般,1,2.5,咖啡,0
M0806,女,60,1,16,146,5,一般,0,14.3,咖啡,0
M0807,女,61,5,2,167,8,一般,1,0.6,茶飲,1
M0808,男,51,22,3,272,0,一般,1,1.2,烘焙,0
M0809,女,47,16,11,181,5,銀卡,0,3.9,茶飲,1
M0810,女,70,35,3,134,23,一般,1,2.2,咖啡,0
M0811,女,50,21,4,157,24,一般,0,3.7,烘焙,1
M0812,女,57,2,10,157,9,一般,1,2.1,烘焙,0
M0813,男,46,28,17,128,2,金卡,1,8.2,咖啡,1
M0814,男,56,7,5,180,90,銀卡,0,3.0,烘焙,0
M0815,女,66,30,4,181,8,一般,0,3.4,咖啡,0
M0816,女,72,25,3,109,13,一般,0,2.1,咖啡,0
M0817,女,66,21,2,201,49,一般,0,4.6,茶飲,0
M0818,女,43,29,4,106,4,一般,1,10.9,咖啡,1
M0819,女,72,11,13,157,15,銀卡,0,1.4,茶飲,0
M0820,女,63,1,6,185,17,一般,0,0.7,咖啡,0
M0821,女,50,6,12,143,2,銀卡,1,5.5,茶飲,0
M0822,男,50,15,3,141,40,一般,0,1.5,茶飲,0
M0823,女,35,12,1,216,90,一般,0,3.3,茶飲,0
M0824,女,58,15,8,187,14,銀卡,1,1.6,咖啡,1
M0825,女,55,18,5,294,8,銀卡,1,13.6,咖啡,1
M0826,女,46,3,8,194,29,一般,0,2.2,咖啡,1
M0827,男,53,30,9,174,52,銀卡,1,2.2,咖啡,1
M0828,男,72,23,7,206,0,銀卡,1,1.1,茶飲,1
M0829,男,50,1,18,187,24,一般,1,5.2,茶飲,1
M0830,男,52,5,12,176,35,一般,1,1.5,咖啡,0
M0831,男,41,20,6,229,2,銀卡,1,2.1,茶飲,1
M0832,男,54,32,1,135,43,一般,0,0.9,烘焙,0
M0833,女,60,6,9,196,2,銀卡,0,2.4,烘焙,1
M0834,女,65,36,5,208,2,銀卡,1,7.9,咖啡,0
M0835,男,57,9,5,164,55,銀卡,1,2.9,烘焙,0
M0836,女,54,35,4,118,26,一般,1,0.8,茶飲,0
M0837,男,57,33,18,178,0,金卡,1,3.5,咖啡,1
M0838,女,45,24,4,162,0,一般,1,1.9,咖啡,1
M0839,女,72,3,4,133,13,一般,0,2.0,咖啡,0
M0840,女,64,10,4,222,26,一般,0,3.2,咖啡,1
M0841,男,42,9,1,202,28,一般,0,3.9,茶飲,0
M0842,男,41,2,5,133,6,一般,0,7.7,烘焙,0
M0843,男,58,7,2,160,17,一般,0,1.5,烘焙,0
M0844,男,49,32,5,96,6,銀卡,1,2.6,咖啡,0
M0845,男,45,13,3,156,84,一般,0,2.5,茶飲,0
M0846,男,49,10,3,153,20,一般,0,5.4,茶飲,0
M0847,男,58,4,12,137,25,一般,0,3.8,咖啡,1
M0848,女,68,27,4,156,15,一般,0,1.3,烘焙,1
M0849,男,41,33,2,283,35,一般,0,4.6,咖啡,0
M0850,女,66,31,3,154,90,一般,0,4.2,咖啡,0
M0851,女,44,1,4,163,0,一般,0,1.3,咖啡,1
M0852,女,32,25,2,183,52,一般,1,4.1,咖啡,0
M0853,男,47,33,4,142,18,一般,0,2.4,烘焙,0
M0854,女,46,18,7,327,6,銀卡,1,2.7,茶飲,1
M0855,男,41,2,15,135,25,一般,0,4.2,咖啡,1
M0856,女,61,16,15,122,9,銀卡,0,4.7,烘焙,0
M0857,男,62,4,14,162,8,一般,1,3.5,茶飲,1
M0858,女,67,4,6,302,19,一般,1,4.9,茶飲,0
M0859,男,54,28,5,142,17,銀卡,0,2.2,烘焙,0
M0860,女,72,25,17,245,2,金卡,1,3.3,烘焙,1
M0861,女,59,13,5,118,3,銀卡,1,4.7,咖啡,1
M0862,女,59,6,5,172,0,銀卡,1,2.2,烘焙,0
M0863,女,50,19,8,181,31,銀卡,0,8.1,烘焙,0
M0864,男,56,14,2,165,1,一般,0,0.7,咖啡,0
M0865,女,42,35,17,272,6,金卡,1,3.7,咖啡,1
M0866,男,52,22,3,218,2,一般,0,10.5,咖啡,0
M0867,女,55,19,5,205,4,銀卡,0,0.6,烘焙,1
M0868,女,72,30,34,187,5,金卡,1,2.0,咖啡,1
M0869,女,70,23,2,183,26,一般,0,1.1,咖啡,0
M0870,女,72,9,10,202,4,銀卡,1,1.4,茶飲,1
M0871,女,58,19,9,115,61,銀卡,1,1.0,烘焙,0
M0872,女,55,33,2,128,36,一般,1,2.8,烘焙,0
M0873,女,45,15,4,148,30,一般,1,4.4,咖啡,0
M0874,男,42,36,2,196,16,一般,0,5.0,茶飲,0
M0875,女,54,14,3,160,29,一般,1,1.5,烘焙,0
M0876,女,35,33,3,217,19,一般,0,1.4,咖啡,0
M0877,男,54,36,1,65,15,一般,0,2.6,咖啡,0
M0878,女,55,7,11,178,0,銀卡,0,1.4,茶飲,1
M0879,男,66,22,9,148,26,銀卡,1,1.5,咖啡,1
M0880,女,72,22,11,112,15,銀卡,0,3.5,茶飲,1
M0881,女,51,1,3,134,49,一般,1,1.2,烘焙,0
M0882,男,50,16,5,216,11,銀卡,0,2.0,烘焙,1
M0883,男,39,15,6,106,11,銀卡,1,4.8,咖啡,0
M0884,女,62,34,5,151,20,銀卡,0,2.6,咖啡,1
M0885,女,72,29,1,170,53,一般,0,1.4,烘焙,0
M0886,男,56,7,6,122,60,銀卡,1,2.5,烘焙,0
M0887,男,52,1,8,190,25,一般,1,3.8,烘焙,0
M0888,女,59,7,4,244,46,一般,0,2.7,咖啡,0
M0889,女,66,15,12,214,44,銀卡,1,5.7,咖啡,1
M0890,女,64,16,0,136,90,一般,0,0.5,茶飲,0
M0891,女,55,25,7,147,14,銀卡,1,2.9,咖啡,1
M0892,女,61,15,7,202,15,銀卡,1,3.5,茶飲,0
M0893,女,48,31,18,171,6,金卡,1,1.3,茶飲,1
M0894,女,46,20,9,155,29,銀卡,1,5.7,茶飲,0
M0895,女,47,6,13,204,0,銀卡,1,7.0,咖啡,1
M0896,女,36,36,5,92,0,銀卡,0,2.3,茶飲,1
M0897,男,72,18,12,122,3,金卡,1,10.4,茶飲,1
M0898,男,48,11,10,139,13,銀卡,0,2.0,咖啡,0
M0899,男,51,36,3,170,49,一般,0,9.7,茶飲,0
M0900,女,72,34,20,246,0,金卡,1,2.5,咖啡,1
M0901,女,72,28,3,151,21,一般,0,4.4,咖啡,0
M0902,女,56,35,8,160,1,銀卡,1,2.5,茶飲,0
M0903,男,45,8,4,170,0,一般,0,0.8,茶飲,0
M0904,女,58,24,2,287,13,一般,0,3.7,茶飲,0
M0905,女,72,27,11,190,11,銀卡,1,2.7,咖啡,1
M0906,男,71,3,6,179,23,一般,1,0.8,咖啡,0
M0907,女,44,25,5,162,16,銀卡,1,2.8,茶飲,1
M0908,男,66,4,2,258,20,一般,1,3.1,咖啡,0
M0909,男,39,30,6,112,34,銀卡,0,3.8,烘焙,0
M0910,女,51,7,5,335,8,銀卡,0,1.7,烘焙,1
M0911,女,57,6,3,277,8,一般,1,2.3,烘焙,1
M0912,女,63,29,7,229,90,銀卡,0,10.3,茶飲,0
M0913,男,49,19,13,376,2,金卡,0,5.3,烘焙,1
M0914,男,41,6,2,223,90,一般,0,1.4,烘焙,0
M0915,男,53,18,4,165,7,一般,1,1.3,咖啡,1
M0916,女,44,5,6,168,65,一般,0,4.4,烘焙,0
M0917,女,55,12,12,186,9,銀卡,1,3.3,茶飲,0
M0918,女,55,17,6,128,90,銀卡,1,3.3,咖啡,0
M0919,男,47,26,8,109,24,銀卡,1,5.7,烘焙,0
M0920,女,65,22,11,248,27,銀卡,1,1.6,茶飲,1
M0921,女,46,24,3,284,9,一般,0,1.5,烘焙,1
M0922,女,64,32,3,170,84,一般,1,1.9,烘焙,0
M0923,女,65,26,9,226,20,銀卡,1,5.3,茶飲,1
M0924,女,39,20,10,361,11,銀卡,1,3.9,烘焙,1
M0925,女,42,21,2,110,90,一般,1,3.4,烘焙,0
M0926,女,44,22,8,199,31,銀卡,0,0.3,烘焙,1
M0927,男,45,20,4,203,44,一般,1,6.4,烘焙,0
M0928,男,72,10,3,140,10,一般,1,1.0,烘焙,0
M0929,女,61,16,11,125,2,銀卡,1,5.0,茶飲,0
M0930,女,71,18,10,210,20,銀卡,1,11.6,茶飲,1
M0931,男,50,16,6,188,22,銀卡,1,2.1,茶飲,0
M0932,女,58,25,13,169,21,金卡,0,0.5,咖啡,1
M0933,女,41,21,15,133,5,金卡,1,2.1,烘焙,1
M0934,女,59,26,1,118,1,一般,0,2.5,咖啡,0
M0935,女,42,5,13,188,4,一般,0,0.8,茶飲,1
M0936,女,40,18,6,159,18,銀卡,0,0.8,咖啡,1
M0937,男,48,28,8,224,20,銀卡,1,3.8,咖啡,0
M0938,女,56,1,15,199,5,一般,1,1.3,咖啡,1
M0939,女,60,11,10,331,7,銀卡,0,2.1,烘焙,1
M0940,男,54,34,2,136,90,一般,0,0.9,咖啡,0
M0941,女,56,20,2,132,61,一般,0,1.5,茶飲,0
M0942,女,62,10,11,141,19,銀卡,0,6.5,茶飲,0
M0943,男,72,2,4,142,20,一般,1,3.9,咖啡,0
M0944,男,59,23,21,118,0,金卡,1,3.1,咖啡,1
M0945,女,38,1,4,196,8,一般,0,5.6,咖啡,0
M0946,女,27,31,10,194,4,銀卡,0,3.6,茶飲,1
M0947,女,58,8,4,127,5,一般,1,5.1,咖啡,1
M0948,女,44,12,3,179,27,一般,1,1.8,茶飲,0
M0949,女,60,20,24,235,1,金卡,1,1.8,烘焙,1
M0950,男,32,28,1,120,90,一般,0,5.0,烘焙,0
M0951,男,62,5,1,230,90,一般,0,2.9,咖啡,0
M0952,男,38,26,2,151,48,一般,1,3.2,咖啡,0
M0953,男,46,10,2,192,16,一般,0,6.3,咖啡,1
M0954,女,67,32,3,113,39,一般,1,3.2,烘焙,0
M0955,女,43,27,8,299,0,銀卡,1,2.5,烘焙,1
M0956,女,49,20,11,106,16,銀卡,0,3.7,咖啡,0
M0957,女,53,16,2,138,71,一般,1,5.1,茶飲,0
M0958,女,44,14,8,134,2,銀卡,1,2.7,咖啡,0
M0959,女,53,11,13,174,12,銀卡,1,4.0,咖啡,1
M0960,女,63,33,14,221,12,金卡,1,5.9,咖啡,1
M0961,男,63,19,10,190,0,銀卡,1,1.9,咖啡,0
M0962,女,53,26,5,244,25,銀卡,1,2.1,咖啡,1
M0963,男,72,13,6,154,12,銀卡,1,1.3,咖啡,1
M0964,男,54,12,4,191,2,一般,1,1.7,咖啡,1
M0965,女,43,35,9,180,0,銀卡,1,1.7,咖啡,1
M0966,女,39,18,4,192,20,一般,0,2.5,烘焙,0
M0967,男,34,33,10,225,16,銀卡,1,1.9,咖啡,1
M0968,女,52,30,14,267,35,金卡,1,2.4,茶飲,0
M0969,女,64,10,1,100,90,一般,1,0.9,茶飲,0
M0970,男,45,29,3,141,32,一般,0,1.1,咖啡,0
M0971,男,45,30,8,154,1,銀卡,0,6.5,咖啡,1
M0972,女,55,1,14,118,1,一般,0,3.6,烘焙,1
M0973,女,39,16,7,228,50,銀卡,1,1.9,烘焙,0
M0974,女,64,31,9,222,46,銀卡,0,1.8,咖啡,0
M0975,女,57,36,13,200,0,金卡,1,8.5,茶飲,1
M0976,女,48,15,3,169,67,一般,1,8.1,咖啡,0
M0977,女,56,32,10,73,18,銀卡,0,0.4,茶飲,0
M0978,女,48,11,7,70,19,銀卡,0,2.0,咖啡,0
M0979,男,30,17,8,207,14,銀卡,1,1.4,咖啡,1
M0980,女,41,24,8,119,3,銀卡,0,1.8,茶飲,0
M0981,男,42,33,13,174,1,金卡,0,13.0,茶飲,1
M0982,女,66,19,5,136,43,銀卡,0,2.7,茶飲,0
M0983,女,53,36,6,171,35,銀卡,0,0.8,咖啡,0
M0984,男,72,2,4,204,2,一般,1,1.1,咖啡,0
M0985,女,49,29,17,113,3,金卡,1,3.2,咖啡,1
M0986,女,52,21,6,141,28,銀卡,1,3.0,咖啡,0
M0987,男,64,6,0,170,88,一般,1,2.3,茶飲,0
M0988,男,37,13,11,162,27,銀卡,1,4.6,咖啡,1
M0989,女,41,23,28,168,13,金卡,0,3.6,烘焙,0
M0990,女,56,25,17,244,4,金卡,1,5.5,咖啡,1
M0991,女,72,1,20,81,4,一般,1,1.0,咖啡,1
M0992,男,43,17,1,134,90,一般,0,0.7,烘焙,0
M0993,男,54,7,2,146,90,一般,1,3.6,烘焙,0
M0994,女,64,7,13,127,45,銀卡,1,1.3,烘焙,1
M0995,男,41,23,6,266,5,銀卡,1,3.5,茶飲,1
M0996,女,71,1,8,141,8,一般,0,6.5,咖啡,0
M0997,男,66,15,9,191,18,銀卡,1,11.6,咖啡,0
M0998,女,52,11,3,179,9,一般,1,2.7,咖啡,0
M0999,女,59,11,8,145,18,銀卡,1,1.4,咖啡,0
M1000,男,51,23,11,84,3,銀卡,1,4.9,咖啡,1
M1001,女,48,10,7,180,4,銀卡,0,3.5,咖啡,0
M1002,女,42,21,17,248,10,金卡,1,3.4,咖啡,1
M1003,女,61,31,12,184,10,金卡,0,1.8,烘焙,1
M1004,男,45,15,4,188,5,一般,1,1.4,咖啡,0
M1005,男,50,2,1,173,45,一般,0,1.5,咖啡,0
M1006,男,48,22,5,282,27,銀卡,0,6.7,茶飲,0
M1007,女,57,36,3,85,34,一般,1,2.7,咖啡,0
M1008,男,63,9,20,135,2,銀卡,1,1.6,茶飲,1
M1009,女,66,6,9,145,38,銀卡,1,4.1,茶飲,1
M1010,女,58,2,4,202,60,一般,1,5.0,咖啡,0
M1011,女,45,25,10,144,6,銀卡,1,3.3,烘焙,1
M1012,女,67,18,7,135,0,銀卡,0,6.1,咖啡,0
M1013,女,51,12,11,386,30,銀卡,1,2.9,咖啡,0
M1014,女,47,34,6,137,36,銀卡,1,1.4,咖啡,0
M1015,女,45,34,13,204,3,金卡,1,2.2,咖啡,1
M1016,女,59,17,10,154,15,銀卡,0,1.0,咖啡,1
M1017,男,50,14,4,177,12,一般,1,5.7,茶飲,1
M1018,女,60,12,3,133,7,一般,1,2.0,咖啡,0
M1019,男,56,20,8,208,0,銀卡,1,1.6,咖啡,0
M1020,男,56,28,8,203,49,銀卡,0,1.2,茶飲,1
M1021,男,53,27,5,109,22,銀卡,0,7.8,咖啡,0
M1022,女,44,22,3,205,2,一般,0,9.1,咖啡,0
M1023,男,63,6,9,188,11,銀卡,0,0.7,茶飲,1
M1024,女,48,20,12,102,20,金卡,1,0.6,茶飲,1
M1025,女,72,24,11,74,3,銀卡,1,3.2,咖啡,1
M1026,女,59,8,7,164,3,銀卡,0,9.7,咖啡,1
M1027,男,54,34,3,226,23,一般,0,3.4,茶飲,0
M1028,男,72,17,11,196,0,銀卡,0,4.3,咖啡,1
M1029,男,50,23,9,151,7,銀卡,0,2.9,烘焙,0
M1030,女,68,26,7,212,8,銀卡,1,1.1,茶飲,1
M1031,女,53,4,4,106,6,一般,1,1.9,烘焙,0
M1032,女,45,8,1,133,8,一般,0,3.6,咖啡,0
M1033,女,65,36,2,146,42,一般,0,0.7,茶飲,0
M1034,男,42,28,5,172,34,銀卡,0,3.1,咖啡,0
M1035,男,69,7,4,270,44,一般,0,6.6,烘焙,0
M1036,男,59,3,6,169,10,一般,0,3.2,烘焙,1
M1037,男,42,16,4,203,4,一般,0,6.5,烘焙,1
M1038,女,56,21,8,203,14,銀卡,1,2.1,咖啡,1
M1039,男,42,29,3,70,19,一般,0,6.0,茶飲,0
M1040,女,72,17,8,201,2,銀卡,0,1.9,烘焙,1
M1041,女,59,25,0,239,90,一般,0,2.8,茶飲,0
M1042,女,59,32,8,95,85,銀卡,0,1.9,烘焙,0
M1043,女,48,29,3,238,5,一般,0,1.8,咖啡,1
M1044,男,59,29,3,148,78,一般,0,2.4,咖啡,0
M1045,男,53,10,8,194,15,銀卡,1,2.0,茶飲,1
M1046,男,62,18,9,188,2,銀卡,0,3.8,茶飲,1
M1047,男,39,24,3,232,12,一般,1,1.3,咖啡,1
M1048,男,59,32,6,164,44,銀卡,1,2.3,咖啡,0
M1049,男,66,18,1,95,33,一般,1,2.2,咖啡,0
M1050,女,44,13,8,147,0,銀卡,1,5.0,咖啡,1
M1051,男,57,27,7,158,18,銀卡,1,0.8,烘焙,0
M1052,男,54,24,16,140,1,金卡,0,2.9,茶飲,1
M1053,女,72,25,15,318,5,金卡,0,1.0,咖啡,1
M1054,女,39,29,6,215,13,銀卡,1,7.3,咖啡,1
M1055,女,53,7,2,131,90,一般,1,1.3,烘焙,0
M1056,女,49,29,7,96,7,銀卡,1,10.5,咖啡,0
M1057,女,62,16,12,254,2,銀卡,1,4.5,茶飲,1
M1058,男,55,3,4,170,31,一般,1,1.9,茶飲,0
M1059,男,61,25,4,108,33,一般,1,7.7,烘焙,0
M1060,男,65,11,19,131,0,銀卡,1,13.1,烘焙,1
M1061,男,59,22,2,134,20,一般,1,0.5,茶飲,0
M1062,女,72,28,13,183,8,金卡,0,3.3,茶飲,0
M1063,女,69,25,2,170,34,一般,1,1.2,茶飲,0
M1064,女,46,24,1,152,82,一般,1,9.2,茶飲,0
M1065,女,72,33,5,116,19,銀卡,1,5.2,烘焙,0
M1066,男,57,17,11,224,9,銀卡,0,1.9,烘焙,1
M1067,女,51,4,4,146,31,一般,1,2.9,咖啡,0
M1068,男,45,27,5,248,26,銀卡,0,1.4,茶飲,0
M1069,男,70,27,8,139,29,銀卡,0,1.7,咖啡,1
M1070,女,46,18,5,118,6,銀卡,0,0.9,茶飲,1
M1071,女,64,6,21,174,2,銀卡,0,1.0,咖啡,1
M1072,女,58,21,7,182,10,銀卡,0,2.4,咖啡,0
M1073,女,60,36,2,147,26,一般,1,5.2,烘焙,0
M1074,女,72,33,13,165,4,金卡,1,2.6,咖啡,1
M1075,男,59,5,11,135,12,一般,1,9.5,咖啡,0
M1076,男,67,29,6,245,0,銀卡,1,3.7,咖啡,1
M1077,女,53,2,0,184,90,一般,0,2.4,咖啡,0
M1078,女,59,34,1,284,44,一般,0,3.0,茶飲,0
M1079,男,43,20,16,200,4,金卡,1,3.9,烘焙,1
M1080,女,35,10,6,106,30,銀卡,1,12.7,咖啡,0
M1081,女,59,21,7,169,48,銀卡,1,5.9,咖啡,0
M1082,女,46,7,10,127,10,銀卡,1,3.0,茶飲,1
M1083,男,53,30,0,84,90,一般,0,1.7,茶飲,0
M1084,女,65,4,16,190,15,一般,0,1.6,咖啡,1
M1085,男,39,16,1,182,54,一般,0,10.1,茶飲,0
M1086,女,51,25,2,138,69,一般,0,3.4,烘焙,0
M1087,男,57,5,1,160,7,一般,1,3.1,茶飲,0
M1088,男,43,32,3,129,6,一般,0,12.2,咖啡,0
M1089,男,56,16,12,155,16,銀卡,1,3.0,咖啡,1
M1090,女,44,11,5,120,25,銀卡,1,1.2,茶飲,0
M1091,男,45,3,4,169,15,一般,1,1.4,茶飲,0
M1092,女,65,34,8,132,55,銀卡,1,2.4,咖啡,0
M1093,男,72,32,12,140,6,金卡,0,2.1,咖啡,1
M1094,女,48,5,19,142,7,一般,0,2.8,咖啡,0
M1095,女,72,21,4,179,24,一般,0,10.0,咖啡,0
M1096,女,60,26,3,132,17,一般,1,3.9,茶飲,0
M1097,男,72,26,5,96,89,銀卡,1,2.5,咖啡,0
M1098,女,72,28,11,189,13,銀卡,1,1.2,咖啡,1
M1099,女,45,13,4,118,3,一般,0,2.0,咖啡,0
M1100,女,38,25,2,143,43,一般,0,3.0,烘焙,0
M1101,男,72,2,2,136,11,一般,0,9.1,咖啡,0
M1102,女,42,13,10,95,17,銀卡,1,5.8,烘焙,1
M1103,女,49,21,12,157,6,金卡,1,4.8,茶飲,1
M1104,女,65,21,10,89,6,銀卡,1,3.3,咖啡,1
M1105,女,55,28,10,150,20,銀卡,0,1.3,咖啡,0
M1106,男,53,15,5,166,66,銀卡,1,2.4,烘焙,0
M1107,女,53,34,4,177,84,一般,1,1.1,咖啡,0
M1108,女,45,10,2,148,25,一般,0,1.4,咖啡,1
M1109,男,58,25,7,134,36,銀卡,0,8.7,烘焙,0
M1110,男,45,25,9,122,3,銀卡,0,2.3,咖啡,0
M1111,男,44,33,12,182,30,金卡,1,1.4,茶飲,0
M1112,女,52,14,1,74,45,一般,1,0.6,茶飲,0
M1113,男,52,9,15,202,12,銀卡,1,7.0,咖啡,1
M1114,女,50,27,3,134,85,一般,1,1.6,咖啡,0
M1115,男,41,19,7,126,29,銀卡,1,0.3,茶飲,1
M1116,女,72,36,4,159,64,一般,1,9.2,咖啡,0
M1117,女,31,15,3,156,11,一般,1,1.8,咖啡,0
M1118,女,66,7,3,293,32,一般,1,3.6,茶飲,0
M1119,男,49,8,14,171,34,銀卡,0,6.1,咖啡,0
M1120,男,63,19,6,177,11,銀卡,1,1.8,茶飲,1
M1121,女,72,2,7,153,35,一般,1,7.5,茶飲,0
M1122,女,59,34,12,174,25,金卡,0,0.8,茶飲,1
M1123,男,50,2,7,140,55,一般,0,5.1,咖啡,0
M1124,男,48,6,3,270,14,一般,1,2.3,茶飲,0
M1125,男,52,19,23,117,7,金卡,0,1.4,茶飲,1
M1126,男,66,12,18,153,0,銀卡,1,5.8,烘焙,1
M1127,女,42,15,15,111,7,銀卡,1,5.5,烘焙,1
M1128,男,44,16,9,282,3,銀卡,0,6.4,咖啡,0
M1129,女,62,14,9,158,1,銀卡,0,1.8,茶飲,1
M1130,男,43,15,4,176,18,一般,0,2.0,茶飲,1
M1131,男,71,18,14,151,0,金卡,1,1.4,茶飲,1
M1132,男,50,16,2,158,38,一般,1,7.2,咖啡,1
M1133,男,62,22,1,151,90,一般,1,2.7,咖啡,0
M1134,女,72,16,9,107,34,銀卡,0,0.6,咖啡,0
M1135,男,59,25,11,196,7,銀卡,0,1.2,咖啡,0
M1136,女,60,12,11,106,0,銀卡,0,2.8,咖啡,1
M1137,男,45,18,2,148,10,一般,0,2.6,咖啡,0
M1138,男,59,19,4,144,8,一般,1,1.6,咖啡,0
M1139,女,46,32,8,130,40,銀卡,0,1.7,咖啡,0
M1140,女,39,26,3,178,6,一般,0,2.1,茶飲,0
M1141,男,39,10,6,166,8,銀卡,0,3.6,咖啡,0
M1142,女,72,28,6,244,8,銀卡,0,1.0,咖啡,0
M1143,男,69,13,15,162,6,銀卡,0,2.7,咖啡,1
M1144,男,30,5,9,150,6,一般,1,2.3,茶飲,1
M1145,女,44,31,5,174,5,銀卡,0,1.5,茶飲,0
M1146,男,63,35,8,263,23,銀卡,0,2.1,咖啡,1
M1147,女,64,27,12,155,5,金卡,0,2.0,咖啡,0
M1148,男,72,19,4,146,27,一般,0,2.9,咖啡,0
M1149,男,44,30,2,121,3,一般,0,5.5,咖啡,0
M1150,男,35,23,6,93,30,銀卡,0,4.8,茶飲,0
M1151,女,66,12,2,315,61,一般,0,2.7,烘焙,0
M1152,女,56,14,7,159,17,銀卡,0,1.5,烘焙,1
M1153,男,72,27,14,109,23,金卡,0,2.5,咖啡,1
M1154,男,72,9,5,322,16,銀卡,1,4.9,咖啡,1
M1155,女,61,18,8,171,10,銀卡,1,20.0,茶飲,0
M1156,男,54,16,1,136,67,一般,0,1.8,烘焙,0
M1157,女,68,12,4,130,48,一般,1,1.5,茶飲,0
M1158,男,47,17,9,206,0,銀卡,0,2.1,咖啡,0
M1159,男,38,31,11,164,18,銀卡,0,2.6,咖啡,1
M1160,女,50,21,18,140,2,金卡,0,1.1,咖啡,0
M1161,男,58,33,9,152,25,銀卡,1,14.8,咖啡,1
M1162,男,72,14,6,203,50,銀卡,0,4.1,茶飲,1
M1163,女,36,36,7,183,38,銀卡,0,3.5,咖啡,0
M1164,男,48,14,8,244,0,銀卡,1,4.1,烘焙,1
M1165,女,56,5,11,146,3,一般,0,0.9,咖啡,1
M1166,女,67,22,8,165,17,銀卡,1,1.6,茶飲,0
M1167,男,72,9,15,126,10,銀卡,1,1.5,茶飲,1
M1168,女,40,19,3,176,7,一般,1,3.9,咖啡,1
M1169,女,72,9,15,157,6,銀卡,0,2.9,茶飲,1
M1170,女,72,10,3,170,30,一般,1,2.0,烘焙,0
M1171,女,72,10,2,197,6,一般,1,2.1,烘焙,1
M1172,女,41,8,7,222,0,銀卡,1,4.3,茶飲,1
M1173,女,41,12,15,112,7,銀卡,0,3.9,咖啡,0
M1174,女,42,36,16,155,0,金卡,0,1.9,咖啡,1
M1175,男,46,6,6,187,17,銀卡,1,7.8,咖啡,1
M1176,男,59,20,6,144,5,銀卡,1,2.1,烘焙,0
M1177,女,58,18,6,363,10,銀卡,1,1.6,咖啡,1
M1178,女,58,30,18,171,11,金卡,1,1.9,烘焙,1
M1179,男,53,33,12,128,59,金卡,0,1.1,咖啡,0
M1180,男,49,1,5,211,18,一般,0,4.8,茶飲,0
M1181,男,61,25,8,168,5,銀卡,1,1.7,烘焙,0
M1182,男,50,24,9,143,12,銀卡,0,2.2,咖啡,1
M1183,男,72,36,11,190,7,銀卡,0,6.1,烘焙,1
M1184,女,58,32,6,265,0,銀卡,0,1.8,咖啡,1
M1185,男,58,32,6,226,25,銀卡,0,6.4,咖啡,0
M1186,男,56,34,8,200,5,銀卡,1,10.8,咖啡,0
M1187,男,49,5,9,173,6,一般,1,4.5,烘焙,0
M1188,男,46,13,4,113,41,一般,0,1.6,茶飲,1
M1189,男,42,3,5,95,4,一般,1,9.7,咖啡,1
M1190,女,50,25,13,116,3,金卡,1,1.9,咖啡,1
M1191,女,49,16,6,174,40,銀卡,0,2.1,茶飲,1
M1192,女,59,27,8,150,47,銀卡,1,0.7,咖啡,0
M1193,男,54,17,4,145,18,一般,1,1.2,咖啡,0
M1194,女,54,15,4,250,37,一般,1,1.8,茶飲,0
M1195,男,59,14,24,135,2,銀卡,0,2.2,咖啡,1
M1196,男,66,23,5,315,9,銀卡,0,8.3,茶飲,0
M1197,男,47,20,10,164,9,銀卡,1,3.2,咖啡,1
M1198,男,26,21,9,162,5,銀卡,1,7.6,茶飲,0
M1199,男,46,5,5,167,60,一般,0,1.2,烘焙,0
M1200,女,56,20,5,119,31,銀卡,1,5.2,烘焙,0
M1201,男,51,34,0,130,90,一般,1,4.0,咖啡,0
M1202,女,53,30,8,138,12,銀卡,0,1.3,咖啡,1
M1203,男,46,17,11,110,17,銀卡,0,9.2,茶飲,1
M1204,男,48,29,4,236,28,一般,0,1.6,烘焙,1
M1205,男,43,9,4,184,63,一般,0,2.1,烘焙,0
M1206,男,68,15,10,308,4,銀卡,1,6.8,茶飲,1
M1207,男,67,25,7,140,4,銀卡,0,2.4,茶飲,1
M1208,男,57,35,9,172,0,銀卡,0,1.7,茶飲,1
M1209,男,60,28,5,160,18,銀卡,1,1.4,咖啡,0
M1210,女,72,21,5,246,8,銀卡,0,4.8,咖啡,0
M1211,男,58,18,6,283,30,銀卡,1,7.5,咖啡,1
M1212,女,54,26,3,229,87,一般,1,0.9,烘焙,0
M1213,男,48,17,11,125,4,銀卡,0,2.7,茶飲,0
M1214,男,62,17,6,139,4,銀卡,0,1.8,烘焙,0
M1215,男,51,12,6,114,26,銀卡,1,3.1,烘焙,0
M1216,女,49,8,6,156,0,銀卡,1,3.8,咖啡,0
M1217,女,53,32,9,168,0,銀卡,1,3.0,烘焙,1
M1218,女,66,7,5,133,13,銀卡,1,3.0,烘焙,0
M1219,男,57,14,7,184,8,銀卡,1,3.1,咖啡,0
M1220,女,47,15,6,186,7,銀卡,1,2.0,茶飲,1
M1221,男,72,3,6,244,37,一般,1,4.4,烘焙,1
M1222,女,43,8,8,256,51,銀卡,0,3.2,咖啡,0
M1223,男,63,27,5,93,38,銀卡,1,1.8,茶飲,0
M1224,女,49,28,2,167,90,一般,1,0.8,咖啡,0
M1225,男,53,20,2,117,41,一般,0,4.0,茶飲,0
M1226,男,55,17,6,151,13,銀卡,1,0.8,咖啡,1
M1227,女,41,33,2,255,74,一般,0,4.6,咖啡,0
M1228,男,60,10,5,211,1,銀卡,0,5.3,茶飲,1
M1229,女,70,1,2,112,19,一般,0,3.1,咖啡,1
M1230,女,66,33,9,129,0,銀卡,0,2.5,茶飲,0
M1231,女,49,14,7,240,28,銀卡,0,1.8,茶飲,1
M1232,男,66,31,11,239,15,銀卡,0,1.6,烘焙,1
M1233,男,56,6,14,227,12,銀卡,1,1.8,咖啡,1
M1234,男,72,14,7,130,48,銀卡,0,3.0,烘焙,0
M1235,女,60,36,7,180,35,銀卡,0,1.8,茶飲,0
M1236,男,44,8,23,132,6,銀卡,1,2.9,咖啡,1
M1237,女,72,24,7,148,12,銀卡,1,2.6,茶飲,1
M1238,男,41,31,19,153,4,金卡,1,2.2,烘焙,1
M1239,男,46,1,10,132,16,一般,1,2.7,咖啡,1
M1240,男,57,13,2,186,2,一般,0,1.5,咖啡,0
M1241,男,38,24,4,289,19,一般,0,4.7,咖啡,0
M1242,女,68,4,8,237,6,一般,1,6.8,茶飲,0
M1243,女,40,23,13,103,15,金卡,0,2.3,茶飲,1
M1244,男,72,8,5,112,18,銀卡,1,3.2,咖啡,1
M1245,男,64,17,13,184,0,銀卡,0,11.5,烘焙,0
M1246,男,55,32,16,157,0,金卡,1,3.9,咖啡,1
M1247,男,51,26,3,98,9,一般,1,1.1,烘焙,0
M1248,女,52,28,7,203,11,銀卡,1,2.5,茶飲,0
M1249,男,53,17,12,244,16,銀卡,1,4.4,咖啡,1
M1250,男,52,8,7,324,31,銀卡,1,1.8,烘焙,1
M1251,女,42,23,21,100,8,金卡,0,1.7,咖啡,1
M1252,女,55,27,9,136,15,銀卡,1,4.1,咖啡,1
M1253,男,62,4,1,134,0,一般,1,7.0,咖啡,1
M1254,男,69,23,7,138,12,銀卡,0,2.1,烘焙,0
M1255,男,62,32,17,96,6,金卡,1,0.3,茶飲,1
M1256,男,40,20,2,298,7,一般,1,2.0,咖啡,1
M1257,男,54,31,5,135,26,銀卡,1,7.8,烘焙,0
M1258,女,47,29,2,182,50,一般,1,4.9,咖啡,1
M1259,男,72,25,6,224,29,銀卡,0,2.5,咖啡,1
M1260,女,52,30,4,116,65,一般,1,4.2,咖啡,0
M1261,女,61,33,13,216,9,金卡,0,4.8,咖啡,1
M1262,女,41,17,12,297,7,銀卡,1,2.2,茶飲,1
M1263,女,66,22,4,223,31,一般,1,7.5,茶飲,0
M1264,男,63,15,6,181,0,銀卡,0,2.1,咖啡,0
M1265,男,51,21,2,134,90,一般,1,4.4,咖啡,0
M1266,女,45,12,8,109,20,銀卡,1,5.5,茶飲,0
M1267,男,49,1,1,127,87,一般,1,1.5,烘焙,0
M1268,男,68,36,7,157,21,銀卡,0,9.7,茶飲,1
M1269,女,57,29,5,303,11,銀卡,0,3.5,茶飲,1
M1270,女,50,2,26,91,4,一般,0,1.6,咖啡,1
M1271,男,59,7,8,122,17,銀卡,1,6.8,茶飲,1
M1272,男,60,22,10,104,3,銀卡,0,4.1,咖啡,1
M1273,女,63,4,6,154,2,一般,1,3.1,烘焙,0
M1274,男,42,14,5,185,25,銀卡,1,1.1,咖啡,1
M1275,女,55,36,19,115,5,金卡,1,3.3,茶飲,1
M1276,男,71,6,6,299,29,銀卡,0,3.8,茶飲,0
M1277,女,52,34,2,142,90,一般,0,3.6,咖啡,0
M1278,女,40,1,11,237,6,一般,0,1.5,烘焙,0
M1279,男,37,5,20,154,4,一般,1,3.5,咖啡,1
M1280,女,53,12,4,120,20,一般,0,3.8,烘焙,0
M1281,女,72,33,3,118,4,一般,1,5.3,茶飲,1
M1282,男,44,5,13,248,8,一般,1,6.1,咖啡,1
M1283,男,59,27,17,205,7,金卡,1,1.5,茶飲,1
M1284,男,58,16,1,98,11,一般,0,3.3,烘焙,0
M1285,男,69,3,2,122,21,一般,1,1.9,咖啡,1
M1286,男,42,30,4,173,1,一般,0,6.0,咖啡,0
M1287,男,56,15,8,112,13,銀卡,0,1.8,烘焙,0
M1288,女,56,7,10,199,4,銀卡,1,4.2,咖啡,1
M1289,男,64,28,12,164,22,金卡,1,3.6,咖啡,1
M1290,男,63,8,6,87,14,銀卡,0,2.9,茶飲,0
M1291,女,47,27,5,164,21,銀卡,0,1.5,咖啡,0
M1292,男,72,30,2,175,58,一般,0,2.2,茶飲,0
M1293,女,58,20,9,87,2,銀卡,1,0.7,茶飲,1
M1294,女,57,28,8,105,13,銀卡,0,1.7,咖啡,0
M1295,男,62,28,4,241,1,一般,1,1.7,咖啡,1
M1296,女,54,15,11,119,10,銀卡,1,4.0,茶飲,1
M1297,男,72,7,5,163,14,銀卡,1,7.8,烘焙,1
M1298,男,72,6,18,155,6,銀卡,0,1.3,咖啡,1
M1299,男,44,6,7,122,0,銀卡,0,3.3,咖啡,0
M1300,女,43,17,9,204,8,銀卡,1,1.0,茶飲,1
M1301,男,49,27,7,224,10,銀卡,1,3.5,咖啡,0
M1302,男,72,16,8,172,13,銀卡,1,2.6,咖啡,1
M1303,女,72,26,6,344,48,銀卡,1,9.4,咖啡,1
M1304,女,47,35,8,88,11,銀卡,0,2.3,茶飲,0
M1305,男,42,34,2,180,90,一般,0,1.2,烘焙,0
M1306,男,57,33,14,122,9,金卡,1,3.5,咖啡,1
M1307,男,44,30,22,157,6,金卡,1,1.6,咖啡,1
M1308,男,65,20,7,179,8,銀卡,0,4.5,茶飲,0
M1309,女,49,24,5,194,13,銀卡,0,3.9,咖啡,0
M1310,女,60,34,5,125,2,銀卡,1,4.3,咖啡,1
M1311,女,51,17,4,220,1,一般,0,3.1,茶飲,0
M1312,男,48,33,6,151,59,銀卡,1,4.0,咖啡,0
M1313,女,56,3,3,199,40,一般,0,3.3,咖啡,0
M1314,女,38,5,10,144,26,一般,1,0.8,茶飲,0
M1315,女,52,5,5,160,16,一般,1,2.1,茶飲,0
M1316,男,57,21,10,135,0,銀卡,0,7.7,咖啡,1
M1317,女,72,25,6,106,5,銀卡,0,6.9,茶飲,0
M1318,男,71,15,5,143,26,銀卡,0,7.4,咖啡,1
M1319,女,55,9,1,130,9,一般,1,3.9,咖啡,0
M1320,男,43,31,3,357,3,一般,1,3.0,咖啡,1
M1321,女,68,25,10,328,2,銀卡,0,2.0,咖啡,1
M1322,男,72,29,4,189,29,一般,0,1.3,茶飲,0
M1323,女,54,12,22,184,0,銀卡,1,5.3,茶飲,1
M1324,男,51,2,9,215,2,一般,1,2.3,茶飲,1
M1325,女,57,21,30,103,0,金卡,0,2.2,咖啡,0
M1326,女,72,18,1,160,44,一般,0,3.6,咖啡,0
M1327,男,43,24,2,181,8,一般,0,1.6,茶飲,0
M1328,男,62,27,3,211,2,一般,1,2.2,烘焙,0
M1329,女,52,24,13,184,19,金卡,0,12.1,咖啡,0
M1330,女,42,34,3,139,25,一般,1,6.1,烘焙,0
M1331,男,51,4,7,194,2,一般,1,2.1,咖啡,0
M1332,女,72,13,3,216,35,一般,1,2.4,烘焙,0
M1333,男,45,27,4,213,84,一般,0,2.5,咖啡,0
M1334,男,63,3,1,173,19,一般,1,0.5,咖啡,1
M1335,女,51,9,5,195,16,銀卡,0,17.0,咖啡,0
M1336,女,60,29,3,185,8,一般,0,1.0,烘焙,0
M1337,男,57,22,13,114,5,金卡,0,2.2,烘焙,1
M1338,男,70,21,8,119,33,銀卡,1,4.6,咖啡,0
M1339,女,41,4,9,208,15,一般,0,2.5,咖啡,1
M1340,男,47,22,2,189,90,一般,1,2.1,茶飲,1
M1341,男,72,34,9,121,10,銀卡,0,10.7,烘焙,0
M1342,男,66,36,15,119,1,金卡,1,2.4,烘焙,1
M1343,男,48,12,4,132,46,一般,1,3.3,咖啡,0
M1344,女,55,2,10,170,29,一般,0,2.2,茶飲,1
M1345,女,39,22,2,156,27,一般,1,2.1,茶飲,1
M1346,女,57,12,5,231,4,銀卡,0,6.8,咖啡,0
M1347,男,51,9,2,122,1,一般,0,2.4,烘焙,0
M1348,男,64,3,16,334,0,一般,0,4.0,茶飲,1
M1349,男,63,22,1,142,90,一般,0,4.8,茶飲,0
M1350,男,53,28,8,180,4,銀卡,1,4.0,咖啡,0
M1351,男,72,32,4,220,23,一般,1,2.6,咖啡,0
M1352,男,72,16,6,251,9,銀卡,0,8.6,咖啡,0
M1353,女,70,20,2,137,18,一般,1,1.3,茶飲,1
M1354,女,51,19,8,103,6,銀卡,0,2.1,烘焙,0
M1355,女,60,4,1,154,90,一般,1,1.7,烘焙,0
M1356,女,72,29,9,199,12,銀卡,0,4.0,咖啡,1
M1357,男,49,3,4,142,6,一般,0,0.9,烘焙,0
M1358,男,72,25,8,154,24,銀卡,0,1.2,茶飲,0
M1359,女,50,5,3,177,33,一般,0,2.4,茶飲,0
M1360,男,60,9,6,264,32,銀卡,1,3.6,茶飲,1
M1361,女,37,26,4,187,5,一般,1,1.6,茶飲,1
M1362,男,60,6,12,217,18,銀卡,1,4.3,烘焙,1
M1363,男,53,10,4,156,29,一般,0,4.2,茶飲,0
M1364,女,59,10,11,172,3,銀卡,1,10.1,咖啡,1
M1365,女,43,35,11,227,6,銀卡,0,3.0,咖啡,1
M1366,男,54,2,6,226,0,一般,0,5.1,咖啡,0
M1367,女,65,16,7,207,50,銀卡,0,2.0,烘焙,1
M1368,女,68,21,8,196,6,銀卡,1,1.0,咖啡,0
M1369,男,40,11,5,202,5,銀卡,1,2.6,咖啡,1
M1370,女,65,2,17,187,3,一般,0,1.1,烘焙,0
M1371,男,44,12,5,282,0,銀卡,1,4.1,烘焙,0
M1372,男,56,14,8,328,7,銀卡,0,1.5,咖啡,1
M1373,女,47,2,13,111,14,一般,1,10.6,咖啡,1
M1374,男,56,3,8,179,4,一般,0,2.8,烘焙,1
M1375,男,72,9,1,171,90,一般,1,11.5,咖啡,0
M1376,女,53,29,10,108,11,銀卡,0,1.7,咖啡,0
M1377,女,55,25,3,205,35,一般,1,1.0,咖啡,0
M1378,男,38,29,3,223,29,一般,1,3.0,烘焙,1
M1379,男,43,8,10,240,27,銀卡,1,3.3,茶飲,1
M1380,女,47,12,5,182,33,銀卡,1,10.8,咖啡,0
M1381,女,72,25,5,254,44,銀卡,1,2.5,烘焙,0
M1382,女,72,5,12,125,7,一般,1,2.5,烘焙,1
M1383,男,39,26,3,169,12,一般,0,1.0,茶飲,0
M1384,女,68,6,7,117,3,銀卡,1,2.9,咖啡,1
M1385,男,48,15,8,106,5,銀卡,1,1.4,咖啡,1
M1386,女,48,16,5,135,8,銀卡,0,1.9,烘焙,1
M1387,女,41,31,8,164,45,銀卡,0,1.1,茶飲,0
M1388,男,48,18,16,231,1,金卡,1,3.3,茶飲,1
M1389,男,50,32,14,144,1,金卡,0,5.5,咖啡,1
M1390,男,71,12,19,172,37,銀卡,0,2.3,茶飲,1
M1391,女,62,32,4,133,20,一般,1,1.8,茶飲,0
M1392,女,58,31,8,172,7,銀卡,0,3.2,咖啡,1
M1393,男,28,34,8,154,15,銀卡,1,4.7,咖啡,1
M1394,男,55,21,8,119,8,銀卡,1,4.7,烘焙,1
M1395,男,66,23,3,296,0,一般,0,4.9,烘焙,1
M1396,女,47,9,13,258,11,銀卡,1,1.1,烘焙,0
M1397,男,54,16,7,199,23,銀卡,1,5.7,咖啡,1
M1398,男,62,25,5,118,20,銀卡,1,2.6,咖啡,1
M1399,女,68,14,16,200,11,銀卡,1,14.6,茶飲,1
M1400,女,44,35,10,148,5,銀卡,0,4.1,烘焙,0
M1401,男,49,14,16,193,0,銀卡,1,2.5,茶飲,1
M1402,男,46,7,2,265,10,一般,0,2.0,咖啡,1
M1403,女,71,20,4,192,47,一般,0,2.0,咖啡,0
M1404,女,63,15,10,158,0,銀卡,1,2.6,咖啡,1
M1405,男,52,4,19,165,2,一般,0,0.8,烘焙,1
M1406,女,60,22,5,237,12,銀卡,0,8.1,咖啡,0
M1407,女,48,12,6,103,20,銀卡,0,3.5,咖啡,0
M1408,女,43,24,6,122,49,銀卡,1,4.6,咖啡,0
M1409,男,63,24,7,141,32,銀卡,1,3.3,咖啡,0
M1410,女,64,17,7,306,5,銀卡,0,4.3,茶飲,1
M1411,女,72,32,5,130,6,銀卡,1,1.5,咖啡,0
M1412,女,70,16,7,158,0,銀卡,1,4.2,茶飲,0
M1413,女,72,4,3,141,9,一般,1,12.3,茶飲,0
M1414,女,54,13,3,192,46,一般,1,7.7,茶飲,0
M1415,女,64,33,7,197,16,銀卡,0,3.1,咖啡,1
M1416,女,72,34,3,131,10,一般,0,2.8,咖啡,0
M1417,男,38,4,9,141,16,一般,0,6.0,烘焙,0
M1418,女,39,32,1,330,27,一般,1,2.2,烘焙,0
M1419,女,72,29,4,213,21,一般,0,5.3,茶飲,0
M1420,女,46,25,2,101,24,一般,0,3.9,咖啡,0
M1421,女,72,1,10,143,20,一般,0,4.7,咖啡,0
M1422,女,55,24,17,185,1,金卡,1,4.3,咖啡,1
M1423,女,44,3,6,187,6,一般,1,1.8,咖啡,0
M1424,女,39,13,9,93,13,銀卡,1,1.3,烘焙,0
M1425,男,60,15,17,88,0,銀卡,1,1.6,烘焙,1
M1426,女,60,21,10,186,20,銀卡,0,1.1,茶飲,1
M1427,男,45,29,1,254,30,一般,0,6.2,咖啡,0
M1428,女,46,13,4,268,17,一般,0,1.7,茶飲,1
M1429,男,48,4,3,198,6,一般,1,2.0,咖啡,1
M1430,女,56,26,12,127,3,金卡,1,1.9,咖啡,1
M1431,女,41,1,4,152,14,一般,0,1.4,茶飲,1
M1432,女,41,15,24,156,4,銀卡,1,9.6,茶飲,0
M1433,女,61,18,3,178,22,一般,0,1.2,茶飲,1
M1434,男,49,25,6,184,16,銀卡,1,6.4,茶飲,0
M1435,男,52,6,5,123,35,銀卡,1,3.9,烘焙,0
M1436,男,49,20,7,222,10,銀卡,1,9.8,烘焙,1
M1437,女,39,34,6,113,20,銀卡,1,0.8,茶飲,1
M1438,男,72,23,2,166,61,一般,1,6.2,烘焙,0
M1439,男,51,18,10,343,16,銀卡,0,3.6,烘焙,0
M1440,男,72,19,7,169,3,銀卡,0,2.3,咖啡,0
M1441,女,50,17,16,152,15,銀卡,1,1.4,咖啡,1
M1442,女,62,5,3,206,20,一般,0,2.5,烘焙,0
M1443,男,57,20,1,201,90,一般,0,2.7,烘焙,0
M1444,男,42,17,1,176,42,一般,0,6.6,茶飲,0
M1445,女,72,19,4,251,31,一般,0,1.4,咖啡,0
M1446,男,72,18,4,125,90,一般,1,4.1,烘焙,0
M1447,男,68,31,3,180,44,一般,1,1.2,咖啡,0
M1448,女,57,34,5,215,3,銀卡,0,1.5,烘焙,0
M1449,男,59,12,9,185,30,銀卡,1,3.7,咖啡,1
M1450,男,71,33,12,97,14,金卡,0,1.3,咖啡,0
M1451,女,72,10,7,188,12,銀卡,1,0.8,茶飲,0
M1452,男,72,7,6,142,9,銀卡,1,2.3,烘焙,1
M1453,女,61,29,11,113,0,銀卡,1,2.4,咖啡,1
M1454,男,55,12,6,163,42,銀卡,0,4.6,咖啡,0
M1455,男,61,35,3,174,90,一般,1,2.3,咖啡,0
M1456,男,39,31,10,172,5,銀卡,0,2.0,烘焙,1
M1457,男,57,19,2,138,46,一般,0,3.9,茶飲,0
M1458,女,54,25,10,122,0,銀卡,1,2.4,咖啡,1
M1459,男,64,21,7,179,32,銀卡,1,1.1,茶飲,0
M1460,女,59,11,11,165,10,銀卡,1,6.3,烘焙,1
M1461,女,43,34,16,142,7,金卡,1,5.4,茶飲,1
M1462,男,71,29,4,145,89,一般,0,5.7,烘焙,0
M1463,男,58,13,1,223,35,一般,1,1.6,茶飲,0
M1464,女,64,19,2,162,68,一般,1,1.4,咖啡,0
M1465,女,35,34,19,152,15,金卡,1,2.6,咖啡,1
M1466,女,52,25,7,184,7,銀卡,1,2.4,咖啡,0
M1467,男,55,7,9,182,2,銀卡,1,0.5,烘焙,0
M1468,女,65,22,15,143,7,金卡,0,0.5,烘焙,1
M1469,女,55,12,15,224,53,銀卡,1,2.0,茶飲,1
M1470,女,54,1,4,166,16,一般,0,2.2,咖啡,0
M1471,女,57,11,14,219,14,銀卡,0,10.9,茶飲,0
M1472,女,42,34,3,122,23,一般,1,3.2,咖啡,1
M1473,女,51,23,3,283,90,一般,1,3.7,咖啡,0
M1474,女,58,4,7,184,42,一般,0,4.1,烘焙,0
M1475,女,60,18,8,129,5,銀卡,1,2.9,茶飲,0
M1476,女,53,6,8,244,10,銀卡,1,5.4,咖啡,1
M1477,女,41,29,5,165,16,銀卡,1,3.0,咖啡,1
M1478,男,54,9,11,136,6,銀卡,1,6.8,咖啡,1
M1479,男,54,4,3,130,20,一般,1,5.4,烘焙,1
M1480,男,53,23,8,162,0,銀卡,0,3.4,咖啡,1
M1481,女,63,15,5,232,23,銀卡,1,1.0,咖啡,1
M1482,男,62,32,4,112,27,一般,1,1.4,烘焙,0
M1483,男,47,19,9,147,28,銀卡,1,1.1,咖啡,1
M1484,男,57,9,9,145,1,銀卡,0,2.3,茶飲,1
M1485,男,36,21,2,154,27,一般,1,3.1,咖啡,0
M1486,男,62,27,4,200,0,一般,0,1.0,茶飲,0
M1487,女,64,32,1,134,61,一般,0,3.8,咖啡,0
M1488,男,59,14,7,181,0,銀卡,0,0.9,茶飲,1
M1489,女,35,13,12,179,0,銀卡,0,4.7,烘焙,1
M1490,女,51,24,2,169,71,一般,0,4.3,茶飲,0
M1491,男,48,28,9,188,9,銀卡,1,2.2,咖啡,1
M1492,女,50,33,9,220,13,銀卡,1,3.4,咖啡,0
M1493,女,51,24,8,188,31,銀卡,1,2.1,咖啡,1
M1494,女,63,21,6,154,9,銀卡,1,0.8,茶飲,0
M1495,男,48,36,1,212,16,一般,0,2.2,烘焙,1
M1496,男,55,30,11,217,0,銀卡,1,2.3,咖啡,0
M1497,女,43,21,6,308,5,銀卡,1,3.7,茶飲,1
M1498,女,58,31,13,136,25,金卡,1,2.8,茶飲,1
M1499,男,72,5,4,249,43,一般,1,0.9,咖啡,0
M1500,男,60,13,6,168,2,銀卡,1,0.3,茶飲,1
M1501,男,49,15,6,149,28,銀卡,1,2.5,烘焙,1
M1502,男,65,23,2,251,0,一般,1,2.2,咖啡,0
M1503,女,60,36,6,167,5,銀卡,0,1.4,咖啡,0
M1504,女,53,36,8,179,8,銀卡,0,2.6,茶飲,1
M1505,女,63,12,10,125,4,銀卡,1,2.3,咖啡,1
M1506,女,45,27,7,76,1,銀卡,1,3.1,烘焙,0
M1507,男,64,31,9,203,51,銀卡,1,3.3,烘焙,1
M1508,男,72,27,7,111,18,銀卡,0,4.4,烘焙,1
M1509,女,48,7,4,93,90,一般,1,1.1,烘焙,0
M1510,男,71,22,8,232,2,銀卡,1,4.8,茶飲,1
M1511,男,70,11,13,213,20,銀卡,0,2.4,茶飲,0
M1512,女,66,29,11,139,9,銀卡,1,1.6,咖啡,0
M1513,女,69,15,3,139,0,一般,0,5.9,咖啡,0
M1514,女,35,10,7,161,10,銀卡,0,1.4,烘焙,0
M1515,男,50,27,7,155,49,銀卡,1,4.6,茶飲,1
M1516,男,64,6,7,291,18,銀卡,0,2.0,咖啡,0
M1517,男,68,9,7,137,19,銀卡,0,3.7,烘焙,0
M1518,男,66,36,3,201,52,一般,0,2.4,咖啡,0
M1519,女,53,9,7,128,15,銀卡,1,3.9,茶飲,1
M1520,男,67,13,14,170,6,銀卡,1,5.3,茶飲,1
M1521,男,49,17,5,179,15,銀卡,0,11.8,咖啡,0
M1522,男,63,28,12,193,5,金卡,0,4.3,咖啡,0
M1523,女,35,30,2,135,28,一般,1,2.2,茶飲,0
M1524,女,38,24,2,95,57,一般,0,4.1,茶飲,0
M1525,女,38,19,1,80,90,一般,0,8.7,茶飲,0
M1526,女,47,14,11,232,2,銀卡,1,7.0,茶飲,1
M1527,女,65,9,4,139,21,一般,0,4.3,烘焙,0
M1528,女,42,29,2,170,90,一般,1,2.9,茶飲,0
M1529,男,61,33,11,178,27,銀卡,1,0.7,茶飲,1
M1530,女,37,22,4,189,23,一般,0,2.9,茶飲,0
M1531,女,70,12,12,135,11,銀卡,1,3.7,咖啡,0
M1532,女,52,6,10,144,4,銀卡,1,4.2,烘焙,1
M1533,女,42,22,8,142,20,銀卡,1,1.4,咖啡,0
M1534,女,53,23,7,225,3,銀卡,1,0.5,咖啡,1
M1535,女,72,30,4,246,8,一般,1,1.7,咖啡,1
M1536,男,64,5,1,171,70,一般,1,1.9,咖啡,0
M1537,男,44,13,2,327,70,一般,0,16.2,咖啡,0
M1538,女,48,12,8,182,24,銀卡,1,2.1,咖啡,1
M1539,女,49,28,10,109,7,銀卡,1,1.4,烘焙,1
M1540,男,65,27,3,396,14,一般,0,5.1,茶飲,0
M1541,女,67,1,15,208,5,一般,1,6.7,咖啡,1
M1542,男,54,5,13,127,2,一般,0,1.7,烘焙,1
M1543,女,53,9,9,163,1,銀卡,0,3.4,茶飲,1
M1544,男,72,26,6,135,75,銀卡,1,1.1,咖啡,0
M1545,男,57,28,3,104,75,一般,1,1.1,烘焙,0
M1546,女,36,21,4,170,23,一般,0,1.6,茶飲,0
M1547,女,43,16,7,196,27,銀卡,0,1.2,咖啡,0
M1548,男,48,25,19,198,4,金卡,1,1.9,咖啡,0
M1549,女,57,12,4,341,0,一般,1,2.1,茶飲,1
M1550,男,63,33,4,150,23,一般,1,1.4,咖啡,0
M1551,女,57,17,6,177,64,銀卡,1,2.6,咖啡,0
M1552,女,45,36,2,240,12,一般,1,1.7,烘焙,0
M1553,男,56,30,9,196,15,銀卡,1,2.1,茶飲,1
M1554,女,68,8,5,183,8,銀卡,1,10.6,茶飲,0
M1555,男,42,34,1,366,90,一般,0,4.3,烘焙,0
M1556,女,60,5,11,131,14,一般,1,1.5,烘焙,1
M1557,男,53,30,1,325,82,一般,0,3.5,茶飲,0
M1558,女,68,25,11,125,10,銀卡,1,2.2,咖啡,1
M1559,女,46,19,5,136,0,銀卡,0,4.3,咖啡,1
M1560,男,70,21,8,185,10,銀卡,1,2.6,咖啡,1
M1561,男,38,16,4,123,46,一般,1,1.9,咖啡,0
M1562,女,38,36,9,102,7,銀卡,1,8.6,咖啡,0
M1563,女,58,28,17,135,13,金卡,1,3.4,咖啡,1
M1564,男,53,28,16,154,0,金卡,0,3.0,咖啡,1
M1565,女,39,30,5,161,23,銀卡,1,2.1,茶飲,0
M1566,女,61,18,5,192,24,銀卡,0,4.9,烘焙,0
M1567,女,64,24,3,241,7,一般,1,2.2,咖啡,1
M1568,女,42,3,24,146,15,一般,0,3.1,咖啡,1
M1569,男,46,23,3,149,90,一般,1,1.9,咖啡,0
M1570,男,46,23,5,115,12,銀卡,0,2.8,咖啡,0
M1571,女,58,9,4,189,2,一般,1,1.8,咖啡,1
M1572,男,72,19,18,115,0,金卡,1,1.9,咖啡,1
M1573,女,43,22,1,227,61,一般,1,4.2,茶飲,0
M1574,女,49,7,6,149,12,銀卡,1,2.0,茶飲,0
M1575,女,58,13,6,225,9,銀卡,1,1.4,茶飲,1
M1576,男,64,35,3,144,34,一般,1,2.0,茶飲,0
M1577,男,65,17,5,180,2,銀卡,1,2.3,咖啡,1
M1578,男,27,3,11,104,1,一般,0,3.8,茶飲,0
M1579,女,55,18,7,132,13,銀卡,0,2.8,咖啡,1
M1580,男,72,3,8,129,21,一般,1,5.2,烘焙,1
M1581,男,72,24,10,208,15,銀卡,0,7.2,咖啡,1
M1582,女,53,14,19,99,4,銀卡,1,1.4,咖啡,1
M1583,女,45,19,7,144,2,銀卡,1,7.0,茶飲,0
M1584,男,60,23,5,243,90,銀卡,0,2.7,茶飲,0
M1585,女,72,15,14,179,7,銀卡,0,4.0,茶飲,1
M1586,女,69,3,10,249,4,一般,1,2.9,茶飲,0
M1587,女,42,8,22,119,3,銀卡,1,2.0,茶飲,1
M1588,女,72,27,1,172,30,一般,0,2.8,咖啡,0
M1589,男,61,2,3,128,14,一般,0,5.3,烘焙,0
M1590,女,42,14,5,108,2,銀卡,1,3.6,烘焙,0
M1591,女,37,28,11,158,2,銀卡,0,5.4,烘焙,0
M1592,男,55,34,6,138,56,銀卡,1,2.3,咖啡,0
M1593,女,63,16,2,209,18,一般,1,1.3,咖啡,1
M1594,女,46,26,5,160,12,銀卡,0,2.7,茶飲,1
M1595,男,40,34,14,130,2,金卡,1,4.2,茶飲,1
M1596,女,67,4,3,84,26,一般,0,4.5,茶飲,0
M1597,男,45,20,12,133,17,金卡,0,4.8,咖啡,1
M1598,女,52,4,4,121,24,一般,0,2.6,咖啡,1
M1599,女,61,30,24,190,1,金卡,1,2.5,咖啡,1
M1600,女,49,13,7,101,9,銀卡,1,1.7,茶飲,0
M1601,女,61,3,4,155,4,一般,1,1.1,茶飲,1
M1602,男,65,26,11,177,3,銀卡,1,5.0,茶飲,1
M1603,女,67,13,3,124,23,一般,0,4.1,咖啡,1
M1604,男,38,15,1,183,55,一般,1,2.1,咖啡,0
M1605,男,49,7,12,181,2,銀卡,1,1.3,茶飲,1
M1606,女,72,19,4,129,36,一般,1,4.8,烘焙,0
M1607,女,45,27,20,101,9,金卡,0,9.0,咖啡,0
M1608,男,58,15,11,183,13,銀卡,0,1.3,咖啡,1
M1609,女,70,31,12,122,0,金卡,0,1.2,咖啡,1
M1610,女,53,2,4,137,77,一般,0,1.2,咖啡,0
M1611,女,35,18,22,173,8,金卡,1,1.9,咖啡,1
M1612,女,54,27,14,147,10,金卡,0,2.8,茶飲,0
M1613,男,38,25,6,252,26,銀卡,0,1.0,咖啡,1
M1614,男,72,34,6,194,21,銀卡,0,6.5,茶飲,0
M1615,女,72,14,8,151,6,銀卡,1,0.8,茶飲,1
M1616,女,60,5,1,171,90,一般,1,2.3,烘焙,0
M1617,女,59,27,8,226,14,銀卡,0,2.6,咖啡,1
M1618,女,61,24,32,228,5,金卡,1,1.2,咖啡,1
M1619,女,67,24,20,226,7,金卡,1,2.0,茶飲,1
M1620,女,72,31,11,79,15,銀卡,1,2.2,咖啡,1
M1621,男,54,5,7,161,1,一般,0,3.0,烘焙,0
M1622,女,48,29,5,234,5,銀卡,0,3.9,茶飲,1
M1623,男,60,25,4,176,0,一般,0,7.3,咖啡,1
M1624,女,52,18,4,177,19,一般,0,1.9,咖啡,0
M1625,女,53,23,7,100,6,銀卡,0,2.0,茶飲,1
M1626,女,55,13,3,317,7,一般,1,5.7,咖啡,0
M1627,女,43,3,9,90,7,一般,1,1.6,烘焙,1
M1628,女,49,29,5,150,0,銀卡,1,1.6,烘焙,1
M1629,女,51,22,15,101,10,金卡,1,2.1,茶飲,1
M1630,男,45,29,7,278,4,銀卡,1,1.2,咖啡,1
M1631,女,45,30,5,107,14,銀卡,0,2.1,茶飲,0
M1632,男,42,26,4,95,30,一般,1,7.5,烘焙,0
M1633,女,60,2,10,79,3,一般,1,2.5,咖啡,1
M1634,女,60,29,10,175,18,銀卡,1,1.2,茶飲,0
M1635,女,57,14,5,191,7,銀卡,0,2.3,茶飲,1
M1636,男,32,20,6,163,77,銀卡,1,2.5,烘焙,0
M1637,男,72,21,26,220,16,金卡,1,1.2,茶飲,1
M1638,男,70,12,18,214,10,銀卡,0,13.0,茶飲,0
M1639,女,50,13,8,204,14,銀卡,1,2.0,茶飲,0
M1640,女,43,21,2,100,26,一般,0,2.9,茶飲,0
M1641,女,72,12,7,158,7,銀卡,0,1.0,咖啡,1
M1642,男,53,9,2,128,90,一般,0,1.9,茶飲,0
M1643,男,30,36,3,210,55,一般,1,4.0,咖啡,0
M1644,女,53,18,11,165,3,銀卡,0,7.6,咖啡,0
M1645,女,45,2,11,91,14,一般,1,2.7,咖啡,1
M1646,女,51,7,14,271,11,銀卡,0,1.3,咖啡,1
M1647,女,50,2,7,150,22,一般,1,1.7,烘焙,1
M1648,女,56,1,3,128,45,一般,1,1.6,茶飲,0
M1649,男,53,23,2,173,21,一般,0,2.4,咖啡,0
M1650,女,53,17,7,257,27,銀卡,1,5.3,茶飲,1
M1651,男,65,35,22,83,2,金卡,1,9.0,咖啡,1
M1652,女,55,22,16,112,8,金卡,1,7.9,茶飲,1
M1653,男,64,2,9,129,12,一般,0,2.5,茶飲,0
M1654,男,37,28,12,266,13,金卡,1,2.8,咖啡,1
M1655,男,71,11,10,119,18,銀卡,0,1.2,茶飲,1
M1656,女,54,34,7,123,21,銀卡,1,4.0,咖啡,1
M1657,女,49,18,3,239,38,一般,0,1.2,咖啡,0
M1658,女,36,17,11,148,3,銀卡,0,2.8,咖啡,1
M1659,女,43,20,6,200,32,銀卡,1,1.5,茶飲,0
M1660,女,72,34,6,110,19,銀卡,0,3.5,咖啡,1
M1661,男,72,16,16,186,18,銀卡,1,0.8,咖啡,1
M1662,女,41,9,8,274,6,銀卡,1,1.3,咖啡,0
M1663,男,63,9,2,322,10,一般,1,1.1,茶飲,1
M1664,女,47,28,8,194,9,銀卡,1,2.0,咖啡,1
M1665,女,67,20,6,149,3,銀卡,1,1.9,咖啡,1
M1666,女,52,22,8,280,14,銀卡,0,2.8,咖啡,0
M1667,女,44,3,13,141,0,一般,1,4.5,茶飲,0
M1668,女,72,31,6,228,1,銀卡,1,2.3,咖啡,1
M1669,女,44,19,5,122,18,銀卡,0,3.2,咖啡,0
M1670,女,65,33,8,204,9,銀卡,1,1.3,咖啡,1
M1671,男,51,13,19,109,15,銀卡,1,5.3,咖啡,1
M1672,女,50,1,11,200,16,一般,0,6.4,咖啡,0
M1673,女,70,23,11,141,20,銀卡,1,1.3,咖啡,1
M1674,男,52,12,9,97,0,銀卡,0,4.0,咖啡,0
M1675,女,68,32,4,201,30,一般,0,8.4,咖啡,0
M1676,女,68,2,3,140,18,一般,1,2.8,咖啡,0
M1677,男,39,35,5,191,52,銀卡,1,1.6,茶飲,0
M1678,女,46,12,2,201,29,一般,0,3.8,咖啡,1
M1679,女,57,18,10,167,4,銀卡,1,0.3,咖啡,1
M1680,男,63,35,4,201,10,一般,0,2.7,烘焙,0
M1681,女,65,9,19,190,4,銀卡,1,1.3,咖啡,1
M1682,女,67,30,10,175,4,銀卡,0,6.7,茶飲,0
M1683,男,53,9,4,103,33,一般,0,2.1,咖啡,0
M1684,男,52,22,8,222,6,銀卡,1,1.7,咖啡,1
M1685,女,48,6,8,178,0,銀卡,0,2.2,烘焙,1
M1686,男,46,7,6,281,0,銀卡,0,1.7,咖啡,0
M1687,男,67,10,9,100,1,銀卡,0,1.1,咖啡,1
M1688,女,47,28,9,283,9,銀卡,1,1.1,茶飲,1
M1689,女,50,7,13,216,6,銀卡,0,1.4,咖啡,1
M1690,男,60,12,9,259,39,銀卡,0,6.1,咖啡,0
M1691,男,37,31,3,163,3,一般,0,0.8,茶飲,1
M1692,女,51,20,14,93,8,金卡,1,8.3,咖啡,1
M1693,男,39,23,3,121,5,一般,0,1.5,茶飲,0
M1694,女,62,33,3,312,6,一般,0,3.3,茶飲,1
M1695,女,64,2,3,194,52,一般,1,13.8,咖啡,0
M1696,女,61,26,7,160,1,銀卡,0,5.1,咖啡,1
M1697,女,44,27,10,246,6,銀卡,1,1.8,茶飲,0
M1698,女,49,34,3,115,35,一般,1,1.3,咖啡,0
M1699,女,63,1,12,196,15,一般,1,9.2,烘焙,1
M1700,女,38,35,2,147,22,一般,0,1.3,茶飲,0
M1701,女,71,29,2,223,56,一般,1,1.2,茶飲,0
M1702,女,72,24,6,120,11,銀卡,1,3.1,烘焙,0
M1703,男,60,31,8,149,0,銀卡,1,8.4,茶飲,0
M1704,男,51,15,4,104,3,一般,1,2.7,咖啡,0
M1705,女,50,33,3,158,53,一般,0,2.7,咖啡,0
M1706,女,72,34,12,83,2,金卡,1,1.5,咖啡,1
M1707,女,66,24,8,116,2,銀卡,0,0.8,咖啡,1
M1708,女,49,16,11,74,0,銀卡,1,1.6,茶飲,1
M1709,女,56,32,13,175,16,金卡,1,2.8,咖啡,1
M1710,女,62,6,6,272,2,銀卡,1,3.9,咖啡,1
M1711,女,47,3,11,144,21,一般,1,1.6,咖啡,1
M1712,女,72,6,11,270,9,銀卡,1,4.9,咖啡,1
M1713,女,61,23,11,184,0,銀卡,1,10.8,烘焙,1
M1714,男,44,9,2,192,7,一般,0,2.6,茶飲,1
M1715,女,46,26,1,122,90,一般,0,1.3,茶飲,0
M1716,女,56,11,2,310,13,一般,0,5.2,茶飲,0
M1717,女,56,31,11,123,37,銀卡,1,1.9,茶飲,0
M1718,女,58,18,13,158,1,金卡,1,7.8,咖啡,1
M1719,男,53,4,2,135,6,一般,1,1.3,茶飲,1
M1720,女,72,35,4,109,11,一般,1,1.6,烘焙,1
M1721,男,72,19,12,118,1,金卡,1,1.6,茶飲,1
M1722,男,50,19,8,132,17,銀卡,0,10.7,烘焙,1
M1723,男,55,36,5,118,4,銀卡,0,1.3,咖啡,1
M1724,女,72,22,4,238,40,一般,0,3.9,茶飲,0
M1725,男,51,29,14,200,3,金卡,0,2.8,咖啡,0
M1726,男,54,9,11,182,0,銀卡,0,5.3,茶飲,0
M1727,男,63,18,5,180,7,銀卡,1,5.9,咖啡,0
M1728,女,60,34,7,152,53,銀卡,0,5.7,咖啡,0
M1729,女,44,16,8,124,6,銀卡,0,2.3,咖啡,1
M1730,男,54,31,8,97,3,銀卡,0,2.3,烘焙,1
M1731,女,67,32,2,115,90,一般,1,2.2,茶飲,0
M1732,女,42,36,7,156,17,銀卡,0,1.5,咖啡,0
M1733,男,52,22,10,119,13,銀卡,1,1.7,咖啡,1
M1734,男,55,17,6,174,26,銀卡,1,2.2,咖啡,0
M1735,男,72,17,2,249,90,一般,0,2.9,咖啡,0
M1736,女,46,10,2,184,90,一般,1,1.3,烘焙,0
M1737,女,64,34,15,115,15,金卡,0,2.0,茶飲,0
M1738,女,72,23,15,125,4,金卡,1,5.0,咖啡,1
M1739,女,35,15,5,159,13,銀卡,1,4.0,茶飲,0
M1740,男,38,5,4,139,1,一般,0,0.8,烘焙,0
M1741,女,58,6,17,110,1,銀卡,1,2.4,咖啡,1
M1742,女,58,10,6,90,31,銀卡,0,7.9,茶飲,0
M1743,女,52,10,3,275,14,一般,0,2.3,咖啡,1
M1744,女,49,5,2,357,36,一般,0,1.7,茶飲,0
M1745,女,71,36,2,153,9,一般,1,3.3,咖啡,0
M1746,女,72,19,2,219,5,一般,0,7.2,咖啡,0
M1747,男,39,9,5,159,29,銀卡,1,1.4,茶飲,0
M1748,女,72,4,16,215,0,一般,0,3.3,烘焙,1
M1749,女,49,5,6,91,28,一般,1,4.4,烘焙,1
M1750,男,50,17,14,336,8,銀卡,0,1.8,咖啡,1
M1751,女,54,22,2,146,12,一般,0,1.7,咖啡,0
M1752,女,47,36,6,188,4,銀卡,0,2.6,茶飲,1
M1753,女,53,9,12,98,1,銀卡,1,3.6,咖啡,1
M1754,女,45,8,9,160,11,銀卡,0,20.0,咖啡,0
M1755,男,57,7,21,145,1,銀卡,1,4.7,烘焙,1
M1756,男,43,28,3,119,10,一般,0,3.1,咖啡,0
M1757,男,58,35,3,259,3,一般,1,3.5,咖啡,0
M1758,女,53,14,12,222,5,銀卡,1,5.2,茶飲,1
M1759,女,49,19,15,70,1,金卡,1,5.1,茶飲,1
M1760,女,67,33,1,393,41,一般,1,4.3,咖啡,1
M1761,女,40,34,5,108,57,銀卡,0,3.8,咖啡,1
M1762,女,55,13,12,153,2,銀卡,0,1.9,茶飲,1
M1763,女,72,23,7,221,3,銀卡,1,4.3,茶飲,1
M1764,女,72,20,7,267,46,銀卡,1,4.4,茶飲,1
M1765,男,65,16,4,144,32,一般,0,1.2,烘焙,0
M1766,女,61,17,9,122,1,銀卡,1,2.6,茶飲,1
M1767,男,44,31,4,112,48,一般,1,9.7,烘焙,0
M1768,男,51,10,9,208,61,銀卡,1,4.0,茶飲,0
M1769,女,49,2,10,229,5,一般,1,1.4,茶飲,0
M1770,男,52,14,13,196,10,銀卡,0,2.5,咖啡,0
M1771,女,39,2,7,168,14,一般,0,3.2,咖啡,0
M1772,男,61,8,17,167,15,銀卡,0,0.9,咖啡,0
M1773,女,53,27,3,151,10,一般,0,5.0,烘焙,0
M1774,女,54,30,11,161,32,銀卡,0,3.0,咖啡,1
M1775,女,46,18,15,150,4,金卡,1,1.3,咖啡,0
M1776,男,42,27,3,163,10,一般,1,2.4,咖啡,0
M1777,女,43,26,5,360,11,銀卡,1,4.6,烘焙,1
M1778,女,49,35,4,164,8,一般,0,3.5,茶飲,1
M1779,男,46,5,11,121,1,一般,1,3.1,咖啡,1
M1780,女,60,3,11,218,5,一般,1,3.1,咖啡,1
M1781,男,68,14,4,202,14,一般,0,2.3,烘焙,0
M1782,男,47,22,4,131,12,一般,1,4.2,烘焙,1
M1783,女,50,22,6,188,47,銀卡,1,0.8,咖啡,0
M1784,女,57,11,1,184,12,一般,1,4.1,茶飲,1
M1785,男,57,21,14,345,11,金卡,0,4.4,咖啡,1
M1786,女,64,27,6,158,14,銀卡,1,2.3,咖啡,1
M1787,女,47,12,12,276,3,銀卡,1,0.6,茶飲,1
M1788,女,59,16,10,263,34,銀卡,1,2.4,烘焙,0
M1789,女,49,25,11,219,9,銀卡,1,3.1,茶飲,1
M1790,男,46,10,20,144,12,銀卡,1,1.4,烘焙,1
M1791,男,54,27,14,243,2,金卡,1,2.8,咖啡,1
M1792,女,44,4,6,151,90,一般,0,1.4,烘焙,0
M1793,女,61,23,23,145,4,金卡,0,2.5,烘焙,1
M1794,女,51,11,11,224,39,銀卡,1,1.5,茶飲,1
M1795,男,44,20,13,223,13,金卡,1,2.0,茶飲,1
M1796,男,69,7,12,113,0,銀卡,1,4.7,咖啡,1
M1797,男,64,4,8,207,13,一般,1,5.3,咖啡,1
M1798,女,63,15,3,254,10,一般,0,2.9,咖啡,1
M1799,男,58,22,8,170,50,銀卡,0,1.8,咖啡,0
M1800,女,72,10,4,225,15,一般,1,3.2,咖啡,1
M1801,女,45,31,5,186,59,銀卡,0,5.2,咖啡,0
M1802,男,41,32,4,315,10,一般,0,4.8,茶飲,0
M1803,男,62,20,15,126,2,金卡,1,1.1,烘焙,1
M1804,男,53,27,10,102,3,銀卡,0,4.1,咖啡,0
M1805,男,55,32,8,110,9,銀卡,1,5.1,烘焙,1
M1806,女,38,26,7,141,3,銀卡,0,1.1,咖啡,0
M1807,女,71,3,7,132,3,一般,0,1.4,烘焙,0
M1808,女,55,1,6,178,9,一般,0,3.1,茶飲,0
M1809,男,45,7,5,148,1,銀卡,1,5.2,咖啡,1
M1810,女,61,14,6,156,51,銀卡,1,1.9,咖啡,1
M1811,男,63,9,6,155,43,銀卡,0,2.6,咖啡,0
M1812,女,54,30,6,215,3,銀卡,0,3.6,咖啡,1
M1813,女,63,1,15,452,29,一般,0,13.7,烘焙,1
M1814,女,56,28,15,240,25,金卡,0,3.0,烘焙,1
M1815,男,64,5,1,253,22,一般,0,1.7,茶飲,0
M1816,男,69,15,5,100,49,銀卡,1,3.3,烘焙,0
M1817,女,51,25,8,104,12,銀卡,0,2.8,咖啡,1
M1818,男,42,4,3,96,0,一般,1,2.1,咖啡,1
M1819,女,44,23,4,239,86,一般,0,1.7,烘焙,0
M1820,女,49,2,15,172,14,一般,1,1.1,烘焙,1
M1821,男,72,21,2,212,3,一般,1,2.7,咖啡,1
M1822,女,47,23,3,303,3,一般,1,1.1,烘焙,1
M1823,女,72,3,3,158,23,一般,1,0.5,烘焙,0
M1824,女,72,36,3,183,42,一般,0,3.1,咖啡,0
M1825,男,66,36,17,163,0,金卡,1,1.8,烘焙,1
M1826,女,61,7,2,108,39,一般,1,2.3,茶飲,0
M1827,女,58,8,6,169,11,銀卡,0,4.2,咖啡,0
M1828,女,51,10,15,227,13,銀卡,1,7.3,咖啡,1
M1829,男,72,16,4,180,14,一般,1,0.6,茶飲,0
M1830,女,60,26,13,171,1,金卡,1,1.4,咖啡,1
M1831,女,49,26,3,134,27,一般,1,1.1,咖啡,1
M1832,女,57,22,5,137,19,銀卡,0,1.0,茶飲,0
M1833,男,47,30,12,206,34,金卡,1,4.4,咖啡,1
M1834,男,72,31,20,124,4,金卡,1,3.3,茶飲,1
M1835,男,51,2,2,111,4,一般,1,1.4,烘焙,1
M1836,女,57,26,3,79,29,一般,0,3.2,茶飲,0
M1837,男,53,27,3,123,9,一般,1,2.2,烘焙,1
M1838,男,44,28,6,84,10,銀卡,0,4.8,咖啡,0
M1839,女,50,2,9,220,13,一般,1,0.9,烘焙,1
M1840,女,42,31,3,126,26,一般,0,4.0,咖啡,0
M1841,女,43,14,7,232,21,銀卡,0,0.9,咖啡,1
M1842,女,54,13,17,132,5,銀卡,0,4.0,茶飲,1
M1843,女,72,10,9,210,0,銀卡,1,2.2,茶飲,0
M1844,男,72,5,7,106,22,一般,1,1.9,咖啡,0
M1845,男,59,7,3,236,45,一般,0,2.7,茶飲,0
M1846,女,30,35,14,160,7,金卡,1,7.2,茶飲,1
M1847,男,72,23,8,161,1,銀卡,0,4.2,咖啡,0
M1848,男,56,17,14,152,12,銀卡,0,3.7,咖啡,1
M1849,女,49,1,7,168,2,一般,1,2.5,茶飲,0
M1850,女,72,10,28,113,1,銀卡,0,2.0,茶飲,1
M1851,男,47,13,8,73,13,銀卡,0,4.9,咖啡,1
M1852,男,46,36,9,167,7,銀卡,0,3.8,茶飲,0
M1853,男,65,14,5,157,46,銀卡,0,1.8,茶飲,0
M1854,女,56,17,12,116,3,銀卡,1,6.4,烘焙,1
M1855,男,47,36,7,122,4,銀卡,1,11.4,茶飲,0
M1856,男,42,13,3,156,6,一般,1,1.3,茶飲,0
M1857,女,72,20,12,108,9,金卡,1,1.4,烘焙,1
M1858,女,55,12,11,144,4,銀卡,1,1.0,咖啡,1
M1859,男,53,23,17,145,8,金卡,0,6.9,茶飲,0
M1860,男,61,35,3,116,10,一般,1,3.2,咖啡,0
M1861,男,42,28,2,192,13,一般,0,2.6,烘焙,0
M1862,男,60,4,4,164,38,一般,0,6.5,咖啡,0
M1863,女,55,10,9,152,22,銀卡,0,4.7,烘焙,0
M1864,男,44,28,10,227,15,銀卡,1,2.2,茶飲,0
M1865,男,44,15,2,189,10,一般,0,2.5,茶飲,0
M1866,男,53,32,5,165,9,銀卡,0,1.3,烘焙,0
M1867,男,56,33,11,104,58,銀卡,1,7.8,茶飲,0
M1868,女,69,13,4,115,40,一般,0,3.5,茶飲,0
M1869,男,53,18,9,113,3,銀卡,0,1.5,烘焙,1
M1870,女,62,11,12,158,5,銀卡,1,1.6,茶飲,1
M1871,女,66,21,1,140,17,一般,1,4.6,咖啡,1
M1872,女,34,5,6,227,1,一般,1,7.8,茶飲,1
M1873,男,70,12,6,103,11,銀卡,0,10.4,茶飲,0
M1874,女,54,20,3,144,45,一般,1,1.5,烘焙,0
M1875,男,60,36,9,146,17,銀卡,1,7.5,咖啡,1
M1876,女,58,28,9,154,63,銀卡,0,1.4,咖啡,0
M1877,女,58,23,21,106,6,金卡,0,0.8,咖啡,1
M1878,男,34,6,37,207,2,銀卡,1,2.4,咖啡,1
M1879,女,57,25,4,111,13,一般,1,2.7,烘焙,1
M1880,女,40,1,10,115,16,一般,0,1.2,茶飲,0
M1881,女,34,34,3,147,34,一般,0,4.1,茶飲,0
M1882,男,60,36,11,87,1,銀卡,1,1.2,烘焙,1
M1883,女,67,34,14,345,18,金卡,0,3.0,咖啡,1
M1884,男,62,8,6,256,14,銀卡,0,6.0,茶飲,0
M1885,男,31,15,32,136,7,銀卡,0,2.3,茶飲,1
M1886,男,55,32,19,142,0,金卡,1,7.8,咖啡,1
M1887,女,38,35,4,132,9,一般,0,3.6,咖啡,0
M1888,女,65,35,11,145,15,銀卡,1,2.4,茶飲,1
M1889,女,43,16,7,259,0,銀卡,0,3.9,烘焙,1
M1890,女,48,28,10,156,27,銀卡,1,1.6,咖啡,1
M1891,女,43,32,6,213,9,銀卡,1,0.7,咖啡,0
M1892,男,61,26,3,265,17,一般,0,7.1,咖啡,0
M1893,女,44,10,3,162,14,一般,1,3.2,咖啡,0
M1894,女,67,28,9,199,6,銀卡,0,1.9,烘焙,0
M1895,女,48,34,7,111,12,銀卡,1,3.7,烘焙,1
M1896,男,72,11,5,160,15,銀卡,1,1.0,茶飲,0
M1897,女,49,11,9,125,22,銀卡,1,2.0,咖啡,0
M1898,男,62,14,13,126,0,銀卡,0,3.2,茶飲,0
M1899,女,43,7,8,118,34,銀卡,0,2.5,咖啡,1
M1900,女,72,28,7,361,20,銀卡,1,0.6,烘焙,1
M1901,女,61,26,5,147,45,銀卡,1,0.8,茶飲,1
M1902,男,64,28,2,111,90,一般,1,1.7,茶飲,0
M1903,女,69,17,18,104,12,銀卡,1,3.9,咖啡,1
M1904,女,72,25,37,165,0,金卡,1,5.5,茶飲,1
M1905,女,70,18,4,114,2,一般,0,1.2,茶飲,0
M1906,女,45,6,9,213,9,銀卡,1,8.7,咖啡,1
M1907,女,72,1,9,265,1,一般,1,2.9,烘焙,0
M1908,女,45,13,14,137,16,銀卡,0,1.6,茶飲,1
M1909,男,60,13,18,279,2,銀卡,1,3.2,咖啡,1
M1910,男,51,23,11,71,21,銀卡,1,1.7,茶飲,0
M1911,女,47,35,7,255,4,銀卡,0,0.9,咖啡,1
M1912,男,65,31,2,253,6,一般,1,6.7,咖啡,1
M1913,男,65,4,13,137,22,一般,1,1.4,咖啡,0
M1914,女,47,22,13,172,5,金卡,1,1.7,茶飲,1
M1915,男,56,18,3,315,87,一般,0,0.7,咖啡,0
M1916,女,52,34,4,148,74,一般,1,2.3,茶飲,0
M1917,女,64,13,3,202,8,一般,0,4.0,咖啡,0
M1918,女,42,29,6,93,5,銀卡,0,1.7,咖啡,0
M1919,女,49,30,2,223,45,一般,0,4.2,茶飲,0
M1920,男,59,5,12,209,8,一般,1,3.4,茶飲,1
M1921,女,46,11,1,164,31,一般,0,3.4,咖啡,0
M1922,女,39,1,4,141,0,一般,1,1.0,烘焙,1
M1923,女,57,23,8,170,24,銀卡,1,2.6,咖啡,1
M1924,男,45,13,9,127,9,銀卡,1,5.1,咖啡,1
M1925,女,72,30,17,150,6,金卡,0,2.2,茶飲,1
M1926,男,55,1,8,114,4,一般,0,1.6,咖啡,0
M1927,女,39,7,8,256,0,銀卡,0,1.2,茶飲,1
M1928,女,72,14,5,114,5,銀卡,1,2.7,烘焙,0
M1929,女,57,22,14,124,2,金卡,0,6.9,咖啡,0
M1930,女,72,11,15,118,29,銀卡,1,3.0,咖啡,1
M1931,男,59,26,7,250,0,銀卡,1,5.0,烘焙,1
M1932,男,62,32,1,179,82,一般,1,7.0,咖啡,0
M1933,女,47,7,9,278,0,銀卡,1,1.4,茶飲,1
M1934,女,47,35,9,162,7,銀卡,0,2.4,茶飲,1
M1935,男,40,10,6,177,3,銀卡,1,4.9,咖啡,1
M1936,女,44,7,5,140,3,銀卡,1,4.4,茶飲,1
M1937,女,32,30,6,70,5,銀卡,1,3.5,烘焙,1
M1938,女,62,18,3,145,19,一般,1,0.6,烘焙,1
M1939,女,41,8,10,117,10,銀卡,1,9.4,茶飲,1
M1940,女,72,8,4,117,25,一般,0,1.3,咖啡,1
M1941,女,62,15,6,106,2,銀卡,1,0.8,茶飲,1
M1942,女,51,4,23,141,5,一般,0,2.5,茶飲,1
M1943,男,47,32,1,95,88,一般,0,1.1,茶飲,0
M1944,女,70,23,6,162,9,銀卡,1,0.9,烘焙,1
M1945,女,54,6,5,117,7,銀卡,1,2.7,咖啡,0
M1946,男,65,25,12,219,2,金卡,1,5.2,烘焙,1
M1947,男,47,16,16,271,5,銀卡,1,6.8,咖啡,1
M1948,女,65,35,3,167,72,一般,1,1.5,咖啡,0
M1949,男,44,6,4,136,25,一般,0,9.1,咖啡,1
M1950,男,72,6,6,173,3,銀卡,0,5.2,咖啡,0
M1951,男,35,33,13,117,8,金卡,1,2.1,咖啡,1
M1952,男,44,7,12,125,24,銀卡,1,2.6,咖啡,1
M1953,女,54,28,12,125,5,金卡,1,1.4,咖啡,0
M1954,女,41,15,5,103,56,銀卡,1,2.1,茶飲,0
M1955,男,45,6,4,123,41,一般,1,5.4,茶飲,1
M1956,女,59,8,5,209,8,銀卡,0,1.8,咖啡,1
M1957,女,55,23,7,173,6,銀卡,1,5.2,咖啡,1
M1958,女,72,36,3,264,26,一般,1,3.3,咖啡,0
M1959,女,59,30,12,259,3,金卡,0,10.9,咖啡,1
M1960,女,48,19,4,76,13,一般,1,3.0,咖啡,0
M1961,女,45,1,4,169,7,一般,1,15.0,咖啡,0
M1962,女,47,1,7,114,6,一般,0,3.4,烘焙,0
M1963,女,55,26,6,132,8,銀卡,0,5.0,茶飲,0
M1964,女,61,3,11,218,0,一般,1,2.0,茶飲,1
M1965,女,53,21,11,135,9,銀卡,0,3.7,咖啡,1
M1966,女,72,13,1,140,5,一般,0,2.1,咖啡,1
M1967,男,59,1,9,206,20,一般,1,1.0,咖啡,1
M1968,女,72,23,11,150,16,銀卡,1,3.4,咖啡,1
M1969,男,48,3,1,257,90,一般,1,0.4,咖啡,0
M1970,女,67,26,9,191,34,銀卡,1,1.7,咖啡,1
M1971,男,48,7,9,121,0,銀卡,1,7.4,烘焙,1
M1972,女,72,13,3,162,23,一般,1,8.0,咖啡,0
M1973,女,42,15,11,172,13,銀卡,0,2.0,咖啡,1
M1974,男,65,16,12,173,6,銀卡,0,3.4,茶飲,0
M1975,女,55,36,7,201,3,銀卡,0,2.0,茶飲,0
M1976,男,50,2,9,315,2,一般,0,3.1,咖啡,1
M1977,女,63,19,7,163,1,銀卡,1,2.9,咖啡,1
M1978,女,55,14,3,133,14,一般,1,2.5,咖啡,0
M1979,女,69,22,16,166,4,金卡,1,6.8,烘焙,1
M1980,男,29,8,7,185,1,銀卡,0,3.5,烘焙,1
M1981,女,51,7,3,146,36,一般,0,3.0,咖啡,0
M1982,女,46,28,30,152,1,金卡,0,0.9,茶飲,1
M1983,女,35,3,3,126,14,一般,0,2.4,咖啡,0
M1984,女,72,3,20,157,5,一般,1,2.9,咖啡,1
M1985,女,50,6,4,197,13,一般,0,3.3,茶飲,0
M1986,男,66,27,7,317,14,銀卡,0,4.6,茶飲,1
M1987,女,34,2,7,151,31,一般,0,7.6,茶飲,0
M1988,男,50,19,3,171,26,一般,0,1.8,咖啡,1
M1989,男,50,23,13,111,21,金卡,0,11.3,烘焙,1
M1990,女,55,6,12,126,19,銀卡,1,2.0,茶飲,1
M1991,女,46,36,9,144,2,銀卡,0,7.0,烘焙,0
M1992,女,52,19,16,229,9,金卡,0,1.6,咖啡,1
M1993,女,51,20,6,269,24,銀卡,0,1.7,烘焙,0
M1994,女,54,30,3,122,5,一般,0,2.8,咖啡,0
M1995,男,44,29,5,151,60,銀卡,1,4.8,烘焙,0
M1996,女,62,8,16,164,6,銀卡,0,0.4,烘焙,0
M1997,女,63,8,14,385,56,銀卡,1,8.5,茶飲,0
M1998,女,72,19,11,124,6,銀卡,0,1.6,咖啡,0
M1999,女,53,16,1,178,22,一般,1,12.5,咖啡,0
M2000,女,57,33,11,176,14,銀卡,1,4.7,咖啡,1
