日期,星期,分店,假日,天氣,氣溫,促銷,上週同日營收,營收
2026-03-08,星期日,信義店,1,陰,13.9,0,4740,6340
2026-03-08,星期日,板橋店,1,陰,13.9,0,4895,5710
2026-03-08,星期日,中壢店,1,陰,13.9,0,4390,5260
2026-03-09,星期一,信義店,0,雨,15.6,0,1990,4125
2026-03-09,星期一,板橋店,0,雨,15.6,0,2315,3700
2026-03-09,星期一,中壢店,0,雨,15.6,0,2740,1250
2026-03-10,星期二,信義店,0,晴,17.2,1,3700,3535
2026-03-10,星期二,板橋店,0,晴,17.2,0,1995,2980
2026-03-10,星期二,中壢店,0,晴,17.2,0,3795,2245
2026-03-11,星期三,信義店,0,雨,16.4,0,3455,1845
2026-03-11,星期三,板橋店,0,雨,16.4,0,4075,2355
2026-03-11,星期三,中壢店,0,雨,16.4,0,3275,2640
2026-03-12,星期四,信義店,0,陰,20.7,0,2690,5055
2026-03-12,星期四,板橋店,0,陰,20.7,0,1875,3495
2026-03-12,星期四,中壢店,0,陰,20.7,0,1420,3835
2026-03-13,星期五,信義店,0,陰,17.5,0,3845,4605
2026-03-13,星期五,板橋店,0,陰,17.5,0,4975,3180
2026-03-13,星期五,中壢店,0,陰,17.5,0,5730,1895
2026-03-14,星期六,信義店,1,雨,18.5,0,6185,3855
2026-03-14,星期六,板橋店,1,雨,18.5,0,4975,3305
2026-03-14,星期六,中壢店,1,雨,18.5,0,5185,1985
2026-03-15,星期日,信義店,1,雨,16.1,0,6340,3400
2026-03-15,星期日,板橋店,1,雨,16.1,1,5710,4630
2026-03-15,星期日,中壢店,1,雨,16.1,1,5260,4600
2026-03-16,星期一,信義店,0,晴,18.9,0,4125,2465
2026-03-16,星期一,板橋店,0,晴,18.9,0,3700,2720
2026-03-16,星期一,中壢店,0,晴,18.9,0,1250,2100
2026-03-17,星期二,信義店,0,晴,19.0,0,3535,2585
2026-03-17,星期二,板橋店,0,晴,19.0,0,2980,2255
2026-03-17,星期二,中壢店,0,晴,19.0,0,2245,1945
2026-03-18,星期三,信義店,0,晴,19.9,0,1845,2990
2026-03-18,星期三,板橋店,0,晴,19.9,0,2355,1755
2026-03-18,星期三,中壢店,0,晴,19.9,0,2640,1785
2026-03-19,星期四,信義店,0,晴,19.4,0,5055,3895
2026-03-19,星期四,板橋店,0,晴,19.4,0,3495,3955
2026-03-19,星期四,中壢店,0,晴,19.4,0,3835,2135
2026-03-20,星期五,信義店,0,雨,14.6,0,4605,2640
2026-03-20,星期五,板橋店,0,雨,14.6,0,3180,2965
2026-03-20,星期五,中壢店,0,雨,14.6,0,1895,1680
2026-03-21,星期六,信義店,1,雨,18.5,0,3855,3130
2026-03-21,星期六,板橋店,1,雨,18.5,1,3305,3415
2026-03-21,星期六,中壢店,1,雨,18.5,0,1985,2230
2026-03-22,星期日,信義店,1,陰,21.8,0,3400,6390
2026-03-22,星期日,板橋店,1,陰,21.8,0,4630,5395
2026-03-22,星期日,中壢店,1,陰,21.8,0,4600,5640
2026-03-23,星期一,信義店,0,陰,17.8,0,2465,2240
2026-03-23,星期一,板橋店,0,陰,17.8,0,2720,1060
2026-03-23,星期一,中壢店,0,陰,17.8,0,2100,1810
2026-03-24,星期二,信義店,0,陰,16.4,1,2585,2630
2026-03-24,星期二,板橋店,0,陰,16.4,0,2255,2510
2026-03-24,星期二,中壢店,0,陰,16.4,0,1945,1185
2026-03-25,星期三,信義店,0,雨,15.8,0,2990,2765
2026-03-25,星期三,板橋店,0,雨,15.8,0,1755,2135
2026-03-25,星期三,中壢店,0,雨,15.8,0,1785,1685
2026-03-26,星期四,信義店,0,晴,22.7,0,3895,3805
2026-03-26,星期四,板橋店,0,晴,22.7,1,3955,6745
2026-03-26,星期四,中壢店,0,晴,22.7,0,2135,3510
2026-03-27,星期五,信義店,0,晴,20.5,1,2640,7610
2026-03-27,星期五,板橋店,0,晴,20.5,0,2965,2790
2026-03-27,星期五,中壢店,0,晴,20.5,0,1680,3450
2026-03-28,星期六,信義店,1,晴,19.8,0,3130,7260
2026-03-28,星期六,板橋店,1,晴,19.8,0,3415,6525
2026-03-28,星期六,中壢店,1,晴,19.8,1,2230,8160
2026-03-29,星期日,信義店,1,陰,17.3,0,6390,5340
2026-03-29,星期日,板橋店,1,陰,17.3,0,5395,3575
2026-03-29,星期日,中壢店,1,陰,17.3,0,5640,5310
2026-03-30,星期一,信義店,0,陰,20.8,0,2240,1920
2026-03-30,星期一,板橋店,0,陰,20.8,0,1060,2555
2026-03-30,星期一,中壢店,0,陰,20.8,0,1810,2875
2026-03-31,星期二,信義店,0,雨,20.3,0,2630,2430
2026-03-31,星期二,板橋店,0,雨,20.3,0,2510,2150
2026-03-31,星期二,中壢店,0,雨,20.3,1,1185,1355
2026-04-01,星期三,信義店,0,雨,20.3,0,2765,1935
2026-04-01,星期三,板橋店,0,雨,20.3,0,2135,895
2026-04-01,星期三,中壢店,0,雨,20.3,0,1685,1445
2026-04-02,星期四,信義店,0,晴,22.3,0,3805,3020
2026-04-02,星期四,板橋店,0,晴,22.3,0,6745,3140
2026-04-02,星期四,中壢店,0,晴,22.3,0,3510,2365
2026-04-03,星期五,信義店,1,晴,25.7,0,7610,7705
2026-04-03,星期五,板橋店,1,晴,25.7,0,2790,4580
2026-04-03,星期五,中壢店,1,晴,25.7,0,3450,2965
2026-04-04,星期六,信義店,1,雨,20.2,0,7260,3185
2026-04-04,星期六,板橋店,1,雨,20.2,0,6525,3560
2026-04-04,星期六,中壢店,1,雨,20.2,0,8160,2040
2026-04-05,星期日,信義店,1,雨,19.6,0,5340,3885
2026-04-05,星期日,板橋店,1,雨,19.6,0,3575,3745
2026-04-05,星期日,中壢店,1,雨,19.6,1,5310,2675
2026-04-06,星期一,信義店,1,晴,20.3,0,1920,5165
2026-04-06,星期一,板橋店,1,晴,20.3,0,2555,2050
2026-04-06,星期一,中壢店,1,晴,20.3,1,2875,3435
2026-04-07,星期二,信義店,0,雨,20.5,0,2430,2895
2026-04-07,星期二,板橋店,0,雨,20.5,0,2150,3250
2026-04-07,星期二,中壢店,0,雨,20.5,0,1355,1915
2026-04-08,星期三,信義店,0,雨,24.8,0,1935,3630
2026-04-08,星期三,板橋店,0,雨,24.8,0,895,1330
2026-04-08,星期三,中壢店,0,雨,24.8,0,1445,1790
2026-04-09,星期四,信義店,0,雨,22.3,0,3020,2335
2026-04-09,星期四,板橋店,0,雨,22.3,0,3140,2530
2026-04-09,星期四,中壢店,0,雨,22.3,0,2365,2810
2026-04-10,星期五,信義店,0,晴,24.6,0,7705,5505
2026-04-10,星期五,板橋店,0,晴,24.6,1,4580,4335
2026-04-10,星期五,中壢店,0,晴,24.6,0,2965,3600
2026-04-11,星期六,信義店,1,陰,20.0,0,3185,7290
2026-04-11,星期六,板橋店,1,陰,20.0,0,3560,5745
2026-04-11,星期六,中壢店,1,陰,20.0,0,2040,5140
2026-04-12,星期日,信義店,1,陰,23.5,0,3885,7690
2026-04-12,星期日,板橋店,1,陰,23.5,0,3745,2855
2026-04-12,星期日,中壢店,1,陰,23.5,0,2675,4625
2026-04-13,星期一,信義店,0,晴,23.3,0,5165,3725
2026-04-13,星期一,板橋店,0,晴,23.3,0,2050,2720
2026-04-13,星期一,中壢店,0,晴,23.3,0,3435,1175
2026-04-14,星期二,信義店,0,晴,21.6,0,2895,3060
2026-04-14,星期二,板橋店,0,晴,21.6,0,3250,2860
2026-04-14,星期二,中壢店,0,晴,21.6,1,1915,1940
2026-04-15,星期三,信義店,0,陰,23.5,0,3630,2715
2026-04-15,星期三,板橋店,0,陰,23.5,0,1330,2410
2026-04-15,星期三,中壢店,0,陰,23.5,0,1790,2145
2026-04-16,星期四,信義店,0,雨,20.3,0,2335,1825
2026-04-16,星期四,板橋店,0,雨,20.3,0,2530,3640
2026-04-16,星期四,中壢店,0,雨,20.3,0,2810,1690
2026-04-17,星期五,信義店,0,雨,18.9,1,5505,3565
2026-04-17,星期五,板橋店,0,雨,18.9,1,4335,3660
2026-04-17,星期五,中壢店,0,雨,18.9,1,3600,4270
2026-04-18,星期六,信義店,1,陰,22.9,0,7290,5890
2026-04-18,星期六,板橋店,1,陰,22.9,0,5745,4655
2026-04-18,星期六,中壢店,1,陰,22.9,0,5140,5605
2026-04-19,星期日,信義店,1,陰,23.0,0,7690,9425
2026-04-19,星期日,板橋店,1,陰,23.0,0,2855,6320
2026-04-19,星期日,中壢店,1,陰,23.0,0,4625,3735
2026-04-20,星期一,信義店,0,雨,20.9,0,3725,2300
2026-04-20,星期一,板橋店,0,雨,20.9,0,2720,1175
2026-04-20,星期一,中壢店,0,雨,20.9,0,1175,1630
2026-04-21,星期二,信義店,0,晴,26.8,0,3060,4305
2026-04-21,星期二,板橋店,0,晴,26.8,0,2860,3625
2026-04-21,星期二,中壢店,0,晴,26.8,1,1940,3055
2026-04-22,星期三,信義店,0,晴,23.4,0,2715,4705
2026-04-22,星期三,板橋店,0,晴,23.4,0,2410,3285
2026-04-22,星期三,中壢店,0,晴,23.4,0,2145,2535
2026-04-23,星期四,信義店,0,陰,22.6,0,1825,5060
2026-04-23,星期四,板橋店,0,陰,22.6,0,3640,3795
2026-04-23,星期四,中壢店,0,陰,22.6,0,1690,2440
2026-04-24,星期五,信義店,0,陰,22.9,1,3565,4685
2026-04-24,星期五,板橋店,0,陰,22.9,0,3660,3970
2026-04-24,星期五,中壢店,0,陰,22.9,0,4270,3455
2026-04-25,星期六,信義店,1,陰,22.0,0,5890,5770
2026-04-25,星期六,板橋店,1,陰,22.0,0,4655,4875
2026-04-25,星期六,中壢店,1,陰,22.0,0,5605,6015
2026-04-26,星期日,信義店,1,晴,20.8,1,9425,11645
2026-04-26,星期日,板橋店,1,晴,20.8,1,6320,8895
2026-04-26,星期日,中壢店,1,晴,20.8,0,3735,4570
2026-04-27,星期一,信義店,0,晴,25.0,0,2300,2580
2026-04-27,星期一,板橋店,0,晴,25.0,0,1175,2055
2026-04-27,星期一,中壢店,0,晴,25.0,0,1630,1675
2026-04-28,星期二,信義店,0,雨,22.1,1,4305,2770
2026-04-28,星期二,板橋店,0,雨,22.1,0,3625,1465
2026-04-28,星期二,中壢店,0,雨,22.1,0,3055,1290
2026-04-29,星期三,信義店,0,晴,24.5,0,4705,2985
2026-04-29,星期三,板橋店,0,晴,24.5,0,3285,2030
2026-04-29,星期三,中壢店,0,晴,24.5,0,2535,1745
2026-04-30,星期四,信義店,0,雨,25.4,0,5060,3460
2026-04-30,星期四,板橋店,0,雨,25.4,0,3795,3060
2026-04-30,星期四,中壢店,0,雨,25.4,0,2440,2300
2026-05-01,星期五,信義店,1,陰,28.2,0,4685,6190
2026-05-01,星期五,板橋店,1,陰,28.2,1,3970,5820
2026-05-01,星期五,中壢店,1,陰,28.2,0,3455,3640
2026-05-02,星期六,信義店,1,陰,24.6,0,5770,9045
2026-05-02,星期六,板橋店,1,陰,24.6,0,4875,5595
2026-05-02,星期六,中壢店,1,陰,24.6,0,6015,6960
2026-05-03,星期日,信義店,1,晴,23.4,0,11645,8845
2026-05-03,星期日,板橋店,1,晴,23.4,0,8895,4955
2026-05-03,星期日,中壢店,1,晴,23.4,0,4570,3725
2026-05-04,星期一,信義店,0,晴,25.4,0,2580,4385
2026-05-04,星期一,板橋店,0,晴,25.4,1,2055,2400
2026-05-04,星期一,中壢店,0,晴,25.4,0,1675,1970
2026-05-05,星期二,信義店,0,雨,21.5,0,2770,1685
2026-05-05,星期二,板橋店,0,雨,21.5,0,1465,2240
2026-05-05,星期二,中壢店,0,雨,21.5,0,1290,2215
2026-05-06,星期三,信義店,0,陰,27.2,0,2985,5395
2026-05-06,星期三,板橋店,0,陰,27.2,0,2030,2135
2026-05-06,星期三,中壢店,0,陰,27.2,0,1745,2315
2026-05-07,星期四,信義店,0,晴,25.7,0,3460,4720
2026-05-07,星期四,板橋店,0,晴,25.7,0,3060,3390
2026-05-07,星期四,中壢店,0,晴,25.7,0,2300,3940
2026-05-08,星期五,信義店,0,雨,22.3,0,6190,4870
2026-05-08,星期五,板橋店,0,雨,22.3,1,5820,2695
2026-05-08,星期五,中壢店,0,雨,22.3,0,3640,1530
2026-05-09,星期六,信義店,1,雨,24.1,0,9045,5490
2026-05-09,星期六,板橋店,1,雨,24.1,1,5595,4415
2026-05-09,星期六,中壢店,1,雨,24.1,0,6960,1910
2026-05-10,星期日,信義店,1,陰,25.9,1,8845,11935
2026-05-10,星期日,板橋店,1,陰,25.9,0,4955,7665
2026-05-10,星期日,中壢店,1,陰,25.9,0,3725,5330
2026-05-11,星期一,信義店,0,雨,23.1,0,4385,3310
2026-05-11,星期一,板橋店,0,雨,23.1,0,2400,1960
2026-05-11,星期一,中壢店,0,雨,23.1,0,1970,945
2026-05-12,星期二,信義店,0,陰,24.2,0,1685,2720
2026-05-12,星期二,板橋店,0,陰,24.2,0,2240,3630
2026-05-12,星期二,中壢店,0,陰,24.2,0,2215,1945
2026-05-13,星期三,信義店,0,雨,21.7,0,5395,2155
2026-05-13,星期三,板橋店,0,雨,21.7,0,2135,2060
2026-05-13,星期三,中壢店,0,雨,21.7,1,2315,2875
2026-05-14,星期四,信義店,0,雨,19.6,0,4720,3190
2026-05-14,星期四,板橋店,0,雨,19.6,0,3390,2075
2026-05-14,星期四,中壢店,0,雨,19.6,0,3940,2480
2026-05-15,星期五,信義店,0,雨,21.5,0,4870,2125
2026-05-15,星期五,板橋店,0,雨,21.5,0,2695,2200
2026-05-15,星期五,中壢店,0,雨,21.5,0,1530,2805
2026-05-16,星期六,信義店,1,晴,26.5,0,5490,6860
2026-05-16,星期六,板橋店,1,晴,26.5,1,4415,7095
2026-05-16,星期六,中壢店,1,晴,26.5,0,1910,5045
2026-05-17,星期日,信義店,1,陰,28.6,0,11935,7810
2026-05-17,星期日,板橋店,1,陰,28.6,0,7665,6895
2026-05-17,星期日,中壢店,1,陰,28.6,0,5330,3695
2026-05-18,星期一,信義店,0,陰,24.3,0,3310,2850
2026-05-18,星期一,板橋店,0,陰,24.3,1,1960,2155
2026-05-18,星期一,中壢店,0,陰,24.3,0,945,1615
2026-05-19,星期二,信義店,0,陰,23.4,0,2720,3535
2026-05-19,星期二,板橋店,0,陰,23.4,0,3630,3155
2026-05-19,星期二,中壢店,0,陰,23.4,0,1945,900
2026-05-20,星期三,信義店,0,晴,23.6,0,2155,2410
2026-05-20,星期三,板橋店,0,晴,23.6,0,2060,2710
2026-05-20,星期三,中壢店,0,晴,23.6,0,2875,2115
2026-05-21,星期四,信義店,0,雨,21.7,0,3190,2995
2026-05-21,星期四,板橋店,0,雨,21.7,0,2075,2445
2026-05-21,星期四,中壢店,0,雨,21.7,0,2480,2350
2026-05-22,星期五,信義店,0,晴,27.0,0,2125,2920
2026-05-22,星期五,板橋店,0,晴,27.0,0,2200,3805
2026-05-22,星期五,中壢店,0,晴,27.0,0,2805,1910
2026-05-23,星期六,信義店,1,陰,23.5,0,6860,6440
2026-05-23,星期六,板橋店,1,陰,23.5,0,7095,5865
2026-05-23,星期六,中壢店,1,陰,23.5,0,5045,3575
2026-05-24,星期日,信義店,1,晴,29.1,0,7810,7770
2026-05-24,星期日,板橋店,1,晴,29.1,0,6895,4500
2026-05-24,星期日,中壢店,1,晴,29.1,0,3695,5060
2026-05-25,星期一,信義店,0,雨,26.3,0,2850,2935
2026-05-25,星期一,板橋店,0,雨,26.3,0,2155,1060
2026-05-25,星期一,中壢店,0,雨,26.3,0,1615,2060
2026-05-26,星期二,信義店,0,雨,21.3,0,3535,2310
2026-05-26,星期二,板橋店,0,雨,21.3,0,3155,2030
2026-05-26,星期二,中壢店,0,雨,21.3,0,900,1700
2026-05-27,星期三,信義店,0,陰,27.1,0,2410,4280
2026-05-27,星期三,板橋店,0,陰,27.1,0,2710,2255
2026-05-27,星期三,中壢店,0,陰,27.1,0,2115,2375
2026-05-28,星期四,信義店,0,雨,24.1,0,2995,2420
2026-05-28,星期四,板橋店,0,雨,24.1,0,2445,2580
2026-05-28,星期四,中壢店,0,雨,24.1,0,2350,2220
2026-05-29,星期五,信義店,0,晴,25.8,0,2920,2770
2026-05-29,星期五,板橋店,0,晴,25.8,1,3805,3555
2026-05-29,星期五,中壢店,0,晴,25.8,0,1910,4255
2026-05-30,星期六,信義店,1,陰,24.9,0,6440,7200
2026-05-30,星期六,板橋店,1,陰,24.9,0,5865,5600
2026-05-30,星期六,中壢店,1,陰,24.9,0,3575,3870
2026-05-31,星期日,信義店,1,雨,22.8,0,7770,3355
2026-05-31,星期日,板橋店,1,雨,22.8,0,4500,3220
2026-05-31,星期日,中壢店,1,雨,22.8,0,5060,2080
2026-06-01,星期一,信義店,0,雨,25.1,0,2935,2980
2026-06-01,星期一,板橋店,0,雨,25.1,0,1060,2255
2026-06-01,星期一,中壢店,0,雨,25.1,1,2060,1525
2026-06-02,星期二,信義店,0,晴,32.4,0,2310,3895
2026-06-02,星期二,板橋店,0,晴,32.4,0,2030,2520
2026-06-02,星期二,中壢店,0,晴,32.4,0,1700,2215
2026-06-03,星期三,信義店,0,陰,30.4,0,4280,4900
2026-06-03,星期三,板橋店,0,陰,30.4,0,2255,3165
2026-06-03,星期三,中壢店,0,陰,30.4,0,2375,2870
2026-06-04,星期四,信義店,0,雨,28.9,0,2420,4440
2026-06-04,星期四,板橋店,0,雨,28.9,0,2580,2350
2026-06-04,星期四,中壢店,0,雨,28.9,0,2220,945
2026-06-05,星期五,信義店,0,雨,26.5,0,2770,1765
2026-06-05,星期五,板橋店,0,雨,26.5,0,3555,3375
2026-06-05,星期五,中壢店,0,雨,26.5,1,4255,4935
2026-06-06,星期六,信義店,1,陰,30.3,0,7200,7730
2026-06-06,星期六,板橋店,1,陰,30.3,0,5600,6690
2026-06-06,星期六,中壢店,1,陰,30.3,0,3870,4780
2026-06-07,星期日,信義店,1,陰,28.6,0,3355,7230
2026-06-07,星期日,板橋店,1,陰,28.6,0,3220,4285
2026-06-07,星期日,中壢店,1,陰,28.6,0,2080,4430
2026-06-08,星期一,信義店,0,雨,27.8,0,2980,1445
2026-06-08,星期一,板橋店,0,雨,27.8,0,2255,2115
2026-06-08,星期一,中壢店,0,雨,27.8,0,1525,1925
2026-06-09,星期二,信義店,0,雨,27.3,0,3895,2625
2026-06-09,星期二,板橋店,0,雨,27.3,1,2520,4320
2026-06-09,星期二,中壢店,0,雨,27.3,0,2215,1265
2026-06-10,星期三,信義店,0,雨,28.1,0,4900,2850
2026-06-10,星期三,板橋店,0,雨,28.1,0,3165,1205
2026-06-10,星期三,中壢店,0,雨,28.1,0,2870,1815
2026-06-11,星期四,信義店,0,雨,25.9,0,4440,2660
2026-06-11,星期四,板橋店,0,雨,25.9,0,2350,3005
2026-06-11,星期四,中壢店,0,雨,25.9,0,945,3080
2026-06-12,星期五,信義店,0,陰,28.8,0,1765,4080
2026-06-12,星期五,板橋店,0,陰,28.8,0,3375,2380
2026-06-12,星期五,中壢店,0,陰,28.8,0,4935,4320
2026-06-13,星期六,信義店,1,雨,27.2,0,7730,3800
2026-06-13,星期六,板橋店,1,雨,27.2,1,6690,5100
2026-06-13,星期六,中壢店,1,雨,27.2,0,4780,3600
2026-06-14,星期日,信義店,1,雨,24.5,0,7230,4620
2026-06-14,星期日,板橋店,1,雨,24.5,0,4285,1565
2026-06-14,星期日,中壢店,1,雨,24.5,0,4430,3265
2026-06-15,星期一,信義店,0,雨,26.8,0,1445,1970
2026-06-15,星期一,板橋店,0,雨,26.8,0,2115,1125
2026-06-15,星期一,中壢店,0,雨,26.8,0,1925,650
2026-06-16,星期二,信義店,0,雨,30.3,0,2625,2095
2026-06-16,星期二,板橋店,0,雨,30.3,1,4320,3140
2026-06-16,星期二,中壢店,0,雨,30.3,0,1265,1180
2026-06-17,星期三,信義店,0,晴,31.9,0,2850,6045
2026-06-17,星期三,板橋店,0,晴,31.9,0,1205,4020
2026-06-17,星期三,中壢店,0,晴,31.9,0,1815,3275
2026-06-18,星期四,信義店,0,雨,30.5,0,2660,3190
2026-06-18,星期四,板橋店,0,雨,30.5,0,3005,2840
2026-06-18,星期四,中壢店,0,雨,30.5,0,3080,1735
2026-06-19,星期五,信義店,1,晴,28.0,0,4080,5385
2026-06-19,星期五,板橋店,1,晴,28.0,0,2380,5615
2026-06-19,星期五,中壢店,1,晴,28.0,0,4320,4145
2026-06-20,星期六,信義店,1,雨,28.9,0,3800,3195
2026-06-20,星期六,板橋店,1,雨,28.9,0,5100,4225
2026-06-20,星期六,中壢店,1,雨,28.9,0,3600,1945
2026-06-21,星期日,信義店,1,雨,26.7,0,4620,4045
2026-06-21,星期日,板橋店,1,雨,26.7,0,1565,3880
2026-06-21,星期日,中壢店,1,雨,26.7,0,3265,2805
2026-06-22,星期一,信義店,0,雨,28.1,1,1970,2330
2026-06-22,星期一,板橋店,0,雨,28.1,0,1125,1080
2026-06-22,星期一,中壢店,0,雨,28.1,0,650,2715
2026-06-23,星期二,信義店,0,雨,24.0,0,2095,2320
2026-06-23,星期二,板橋店,0,雨,24.0,0,3140,1385
2026-06-23,星期二,中壢店,0,雨,24.0,1,1180,2205
2026-06-24,星期三,信義店,0,陰,29.9,0,6045,3330
2026-06-24,星期三,板橋店,0,陰,29.9,0,4020,3150
2026-06-24,星期三,中壢店,0,陰,29.9,0,3275,2420
2026-06-25,星期四,信義店,0,陰,25.8,0,3190,5125
2026-06-25,星期四,板橋店,0,陰,25.8,0,2840,2225
2026-06-25,星期四,中壢店,0,陰,25.8,0,1735,1590
2026-06-26,星期五,信義店,0,雨,27.5,1,5385,2790
2026-06-26,星期五,板橋店,0,雨,27.5,0,5615,2035
2026-06-26,星期五,中壢店,0,雨,27.5,0,4145,2510
2026-06-27,星期六,信義店,1,雨,27.3,0,3195,3685
2026-06-27,星期六,板橋店,1,雨,27.3,0,4225,3470
2026-06-27,星期六,中壢店,1,雨,27.3,0,1945,1945
2026-06-28,星期日,信義店,1,晴,30.6,0,4045,7600
2026-06-28,星期日,板橋店,1,晴,30.6,1,3880,11635
2026-06-28,星期日,中壢店,1,晴,30.6,0,2805,7260
2026-06-29,星期一,信義店,0,雨,24.4,0,2330,2245
2026-06-29,星期一,板橋店,0,雨,24.4,0,1080,2080
2026-06-29,星期一,中壢店,0,雨,24.4,0,2715,1865
2026-06-30,星期二,信義店,0,晴,27.4,0,2320,3730
2026-06-30,星期二,板橋店,0,晴,27.4,1,1385,2835
2026-06-30,星期二,中壢店,0,晴,27.4,0,2205,1810
2026-07-01,星期三,信義店,0,陰,33.2,0,3330,4065
2026-07-01,星期三,板橋店,0,陰,33.2,0,3150,3945
2026-07-01,星期三,中壢店,0,陰,33.2,0,2420,2520
2026-07-02,星期四,信義店,0,雨,31.5,0,5125,2110
2026-07-02,星期四,板橋店,0,雨,31.5,1,2225,3260
2026-07-02,星期四,中壢店,0,雨,31.5,0,1590,2420
2026-07-03,星期五,信義店,0,陰,30.6,0,2790,3705
2026-07-03,星期五,板橋店,0,陰,30.6,0,2035,5055
2026-07-03,星期五,中壢店,0,陰,30.6,0,2510,3230
2026-07-04,星期六,信義店,1,雨,31.5,0,3685,5050
2026-07-04,星期六,板橋店,1,雨,31.5,0,3470,5065
2026-07-04,星期六,中壢店,1,雨,31.5,0,1945,1980
2026-07-05,星期日,信義店,1,陰,31.5,0,7600,5185
2026-07-05,星期日,板橋店,1,陰,31.5,0,11635,4915
2026-07-05,星期日,中壢店,1,陰,31.5,0,7260,4975
2026-07-06,星期一,信義店,0,陰,34.1,0,2245,4715
2026-07-06,星期一,板橋店,0,陰,34.1,0,2080,1945
2026-07-06,星期一,中壢店,0,陰,34.1,0,1865,2815
2026-07-07,星期二,信義店,0,陰,29.7,0,3730,3225
2026-07-07,星期二,板橋店,0,陰,29.7,0,2835,3860
2026-07-07,星期二,中壢店,0,陰,29.7,0,1810,1660
2026-07-08,星期三,信義店,0,雨,28.4,0,4065,3905
2026-07-08,星期三,板橋店,0,雨,28.4,0,3945,2410
2026-07-08,星期三,中壢店,0,雨,28.4,0,2520,1205
2026-07-09,星期四,信義店,0,雨,29.4,0,2110,1720
2026-07-09,星期四,板橋店,0,雨,29.4,0,3260,1270
2026-07-09,星期四,中壢店,0,雨,29.4,0,2420,1745
2026-07-10,星期五,信義店,0,陰,31.3,0,3705,5160
2026-07-10,星期五,板橋店,0,陰,31.3,0,5055,4335
2026-07-10,星期五,中壢店,0,陰,31.3,0,3230,2725
2026-07-11,星期六,信義店,1,晴,29.6,0,5050,7800
2026-07-11,星期六,板橋店,1,晴,29.6,0,5065,7945
2026-07-11,星期六,中壢店,1,晴,29.6,0,1980,6130
2026-07-12,星期日,信義店,1,晴,31.5,0,5185,6485
2026-07-12,星期日,板橋店,1,晴,31.5,0,4915,5690
2026-07-12,星期日,中壢店,1,晴,31.5,1,4975,6575
2026-07-13,星期一,信義店,0,雨,29.5,0,4715,2905
2026-07-13,星期一,板橋店,0,雨,29.5,0,1945,1955
2026-07-13,星期一,中壢店,0,雨,29.5,0,2815,1735
2026-07-14,星期二,信義店,0,晴,33.5,0,3225,5480
2026-07-14,星期二,板橋店,0,晴,33.5,1,3860,3360
2026-07-14,星期二,中壢店,0,晴,33.5,0,1660,3850
2026-07-15,星期三,信義店,0,陰,29.5,0,3905,4245
2026-07-15,星期三,板橋店,0,陰,29.5,0,2410,3130
2026-07-15,星期三,中壢店,0,陰,29.5,0,1205,2200
2026-07-16,星期四,信義店,0,晴,33.8,0,1720,5435
2026-07-16,星期四,板橋店,0,晴,33.8,0,1270,3735
2026-07-16,星期四,中壢店,0,晴,33.8,0,1745,4380
2026-07-17,星期五,信義店,0,晴,31.5,1,5160,7780
2026-07-17,星期五,板橋店,0,晴,31.5,0,4335,4330
2026-07-17,星期五,中壢店,0,晴,31.5,0,2725,3770
2026-07-18,星期六,信義店,1,晴,28.6,0,7800,7755
2026-07-18,星期六,板橋店,1,晴,28.6,0,7945,5965
2026-07-18,星期六,中壢店,1,晴,28.6,0,6130,6440
2026-07-19,星期日,信義店,1,晴,32.9,0,6485,7620
2026-07-19,星期日,板橋店,1,晴,32.9,0,5690,10105
2026-07-19,星期日,中壢店,1,晴,32.9,0,6575,5190
2026-07-20,星期一,信義店,0,陰,32.1,0,2905,2525
2026-07-20,星期一,板橋店,0,陰,32.1,0,1955,3440
2026-07-20,星期一,中壢店,0,陰,32.1,0,1735,1935
2026-07-21,星期二,信義店,0,雨,30.1,0,5480,2270
2026-07-21,星期二,板橋店,0,雨,30.1,0,3360,1455
2026-07-21,星期二,中壢店,0,雨,30.1,0,3850,1485
2026-07-22,星期三,信義店,0,晴,33.7,0,4245,5660
2026-07-22,星期三,板橋店,0,晴,33.7,0,3130,4590
2026-07-22,星期三,中壢店,0,晴,33.7,0,2200,5765
2026-07-23,星期四,信義店,0,陰,26.6,0,5435,4445
2026-07-23,星期四,板橋店,0,陰,26.6,0,3735,2750
2026-07-23,星期四,中壢店,0,陰,26.6,0,4380,2935
2026-07-24,星期五,信義店,0,晴,32.7,0,7780,5490
2026-07-24,星期五,板橋店,0,晴,32.7,0,4330,4335
2026-07-24,星期五,中壢店,0,晴,32.7,0,3770,3180
2026-07-25,星期六,信義店,1,雨,29.9,0,7755,4655
2026-07-25,星期六,板橋店,1,雨,29.9,0,5965,3125
2026-07-25,星期六,中壢店,1,雨,29.9,0,6440,4300
2026-07-26,星期日,信義店,1,雨,26.4,0,7620,3710
2026-07-26,星期日,板橋店,1,雨,26.4,1,10105,3820
2026-07-26,星期日,中壢店,1,雨,26.4,0,5190,2605
2026-07-27,星期一,信義店,0,雨,27.7,0,2525,1665
2026-07-27,星期一,板橋店,0,雨,27.7,0,3440,1320
2026-07-27,星期一,中壢店,0,雨,27.7,0,1935,1030
2026-07-28,星期二,信義店,0,晴,31.2,0,2270,3170
2026-07-28,星期二,板橋店,0,晴,31.2,0,1455,2495
2026-07-28,星期二,中壢店,0,晴,31.2,0,1485,3115
2026-07-29,星期三,信義店,0,晴,33.2,0,5660,3300
2026-07-29,星期三,板橋店,0,晴,33.2,0,4590,1705
2026-07-29,星期三,中壢店,0,晴,33.2,0,5765,3400
2026-07-30,星期四,信義店,0,晴,30.5,0,4445,4255
2026-07-30,星期四,板橋店,0,晴,30.5,0,2750,3855
2026-07-30,星期四,中壢店,0,晴,30.5,0,2935,4720
2026-07-31,星期五,信義店,0,陰,33.0,0,5490,4960
2026-07-31,星期五,板橋店,0,陰,33.0,0,4335,4045
2026-07-31,星期五,中壢店,0,陰,33.0,1,3180,4240
2026-08-01,星期六,信義店,1,雨,25.8,0,4655,3355
2026-08-01,星期六,板橋店,1,雨,25.8,1,3125,5210
2026-08-01,星期六,中壢店,1,雨,25.8,0,4300,3265
2026-08-02,星期日,信義店,1,陰,29.4,0,3710,5250
2026-08-02,星期日,板橋店,1,陰,29.4,0,3820,4755
2026-08-02,星期日,中壢店,1,陰,29.4,0,2605,3850
2026-08-03,星期一,信義店,0,晴,34.4,0,1665,3675
2026-08-03,星期一,板橋店,0,晴,34.4,0,1320,3415
2026-08-03,星期一,中壢店,0,晴,34.4,0,1030,3640
2026-08-04,星期二,信義店,0,雨,27.0,0,3170,3005
2026-08-04,星期二,板橋店,0,雨,27.0,0,2495,2455
2026-08-04,星期二,中壢店,0,雨,27.0,1,3115,2145
2026-08-05,星期三,信義店,0,雨,29.9,0,3300,2235
2026-08-05,星期三,板橋店,0,雨,29.9,0,1705,1605
2026-08-05,星期三,中壢店,0,雨,29.9,0,3400,3485
2026-08-06,星期四,信義店,0,陰,31.8,0,4255,3275
2026-08-06,星期四,板橋店,0,陰,31.8,0,3855,3400
2026-08-06,星期四,中壢店,0,陰,31.8,0,4720,3200
2026-08-07,星期五,信義店,0,晴,30.8,0,4960,6175
2026-08-07,星期五,板橋店,0,晴,30.8,0,4045,4035
2026-08-07,星期五,中壢店,0,晴,30.8,0,4240,3345
2026-08-08,星期六,信義店,1,雨,25.9,0,3355,1995
2026-08-08,星期六,板橋店,1,雨,25.9,0,5210,3695
2026-08-08,星期六,中壢店,1,雨,25.9,0,3265,1845
2026-08-09,星期日,信義店,1,晴,31.4,0,5250,9635
2026-08-09,星期日,板橋店,1,晴,31.4,0,4755,8980
2026-08-09,星期日,中壢店,1,晴,31.4,0,3850,5715
2026-08-10,星期一,信義店,0,晴,30.6,0,3675,4950
2026-08-10,星期一,板橋店,0,晴,30.6,0,3415,2780
2026-08-10,星期一,中壢店,0,晴,30.6,0,3640,2730
2026-08-11,星期二,信義店,0,雨,29.4,0,3005,1825
2026-08-11,星期二,板橋店,0,雨,29.4,0,2455,2300
2026-08-11,星期二,中壢店,0,雨,29.4,0,2145,1430
2026-08-12,星期三,信義店,0,陰,33.8,0,2235,5030
2026-08-12,星期三,板橋店,0,陰,33.8,0,1605,3285
2026-08-12,星期三,中壢店,0,陰,33.8,0,3485,2785
2026-08-13,星期四,信義店,0,晴,27.6,0,3275,3185
2026-08-13,星期四,板橋店,0,晴,27.6,0,3400,4040
2026-08-13,星期四,中壢店,0,晴,27.6,0,3200,2540
2026-08-14,星期五,信義店,0,晴,30.0,1,6175,6555
2026-08-14,星期五,板橋店,0,晴,30.0,0,4035,2530
2026-08-14,星期五,中壢店,0,晴,30.0,0,3345,4435
2026-08-15,星期六,信義店,1,晴,31.5,0,1995,10050
2026-08-15,星期六,板橋店,1,晴,31.5,0,3695,9405
2026-08-15,星期六,中壢店,1,晴,31.5,0,1845,5445
2026-08-16,星期日,信義店,1,陰,28.4,0,9635,7305
2026-08-16,星期日,板橋店,1,陰,28.4,0,8980,5230
2026-08-16,星期日,中壢店,1,陰,28.4,0,5715,3780
2026-08-17,星期一,信義店,0,晴,32.8,0,4950,2375
2026-08-17,星期一,板橋店,0,晴,32.8,0,2780,2835
2026-08-17,星期一,中壢店,0,晴,32.8,0,2730,1905
2026-08-18,星期二,信義店,0,陰,30.4,0,1825,2330
2026-08-18,星期二,板橋店,0,陰,30.4,0,2300,2685
2026-08-18,星期二,中壢店,0,陰,30.4,0,1430,2040
2026-08-19,星期三,信義店,0,晴,29.1,0,5030,4735
2026-08-19,星期三,板橋店,0,晴,29.1,0,3285,2890
2026-08-19,星期三,中壢店,0,晴,29.1,0,2785,3335
2026-08-20,星期四,信義店,0,晴,33.0,0,3185,3215
2026-08-20,星期四,板橋店,0,晴,33.0,0,4040,3195
2026-08-20,星期四,中壢店,0,晴,33.0,0,2540,2705
2026-08-21,星期五,信義店,0,陰,34.1,0,6555,4225
2026-08-21,星期五,板橋店,0,陰,34.1,1,2530,6795
2026-08-21,星期五,中壢店,0,陰,34.1,0,4435,3425
2026-08-22,星期六,信義店,1,晴,29.0,0,10050,5780
2026-08-22,星期六,板橋店,1,晴,29.0,0,9405,6980
2026-08-22,星期六,中壢店,1,晴,29.0,0,5445,4840
2026-08-23,星期日,信義店,1,雨,27.2,0,7305,4525
2026-08-23,星期日,板橋店,1,雨,27.2,0,5230,2500
2026-08-23,星期日,中壢店,1,雨,27.2,0,3780,2140
2026-08-24,星期一,信義店,0,晴,26.8,0,2375,3485
2026-08-24,星期一,板橋店,0,晴,26.8,0,2835,1960
2026-08-24,星期一,中壢店,0,晴,26.8,0,1905,2055
2026-08-25,星期二,信義店,0,雨,26.2,0,2330,2445
2026-08-25,星期二,板橋店,0,雨,26.2,1,2685,2495
2026-08-25,星期二,中壢店,0,雨,26.2,0,2040,1230
2026-08-26,星期三,信義店,0,陰,29.9,0,4735,3825
2026-08-26,星期三,板橋店,0,陰,29.9,0,2890,1930
2026-08-26,星期三,中壢店,0,陰,29.9,0,3335,2885
2026-08-27,星期四,信義店,0,晴,28.1,0,3215,5090
2026-08-27,星期四,板橋店,0,晴,28.1,0,3195,1805
2026-08-27,星期四,中壢店,0,晴,28.1,0,2705,3110
2026-08-28,星期五,信義店,0,晴,29.1,0,4225,5885
2026-08-28,星期五,板橋店,0,晴,29.1,0,6795,4490
2026-08-28,星期五,中壢店,0,晴,29.1,0,3425,3305
2026-08-29,星期六,信義店,1,陰,28.3,0,5780,6920
2026-08-29,星期六,板橋店,1,陰,28.3,0,6980,4930
2026-08-29,星期六,中壢店,1,陰,28.3,0,4840,4460
2026-08-30,星期日,信義店,1,晴,29.8,0,4525,3950
2026-08-30,星期日,板橋店,1,晴,29.8,0,2500,6155
2026-08-30,星期日,中壢店,1,晴,29.8,0,2140,4685
2026-08-31,星期一,信義店,0,晴,31.0,1,3485,4395
2026-08-31,星期一,板橋店,0,晴,31.0,0,1960,3460
2026-08-31,星期一,中壢店,0,晴,31.0,0,2055,2220
